year,avgTemp,minTemp,maxTemp,rainFall,avgPrice
20100101,-4.9,-11,0.9,0,"1,338"
20100102,-3.1,-5.5,5.5,0.8,"1,338"
20100103,-2.9,-6.9,1.4,0,"1,338"
20100104,-1.8,-5.1,2.2,5.9,"1,338"
20100105,-5.2,-8.7,-1.8,0.7,"1,338"
20100106,-7.3,-11.4,-2.5,0.3,"1,338"
20100107,-6.7,-11.2,-1.2,0,"1,338"
20100108,-5.6,-11.4,1.4,0,"1,315"
20100109,-3.1,-8.8,1.8,0.1,"1,339"
20100110,-1.3,-5,2.8,0,"1,410"
20100111,-1.5,-5.1,2.1,0,"1,420"
20100112,-5,-8.2,-1.7,0.4,"1,461"
20100113,-8.3,-11.4,-4.6,0.7,"1,449"
20100114,-6.4,-12.7,0,0.1,"1,453"
20100115,-2.6,-7.9,3.9,0.1,"1,457"
20100116,-4.1,-9.9,2.9,0,"1,461"
20100117,-3.1,-9.8,4.9,0,"1,465"
20100118,-0.4,-7.1,7.7,0,"1,469"
20100119,3.6,-4.6,11,0.3,"1,416"
20100120,8,4.9,11.3,10.8,"1,398"
20100121,1.3,-3.6,7.9,3.1,"1,426"
20100122,-3.1,-5.7,0.8,0,"1,419"
20100123,-2.7,-6.6,2,0.1,"1,440"
20100124,0.4,-5.5,5.8,0,"1,524"
20100125,0.8,-4.3,5.4,0,"1,506"
20100126,-2.3,-7.7,4.3,0,"1,578"
20100127,1.3,-5.9,7.4,6.5,"1,579"
20100128,3.5,-0.7,7.4,0.1,"1,612"
20100129,0.2,-4.3,5,0,"1,623"
20100130,1.9,-3.3,7.5,0,"1,597"
20100131,3,-1.3,9.4,0,"1,600"
20100201,2.2,-1,6.8,0.2,"1,668"
20100202,-2,-5.5,1.8,0,"1,695"
20100203,-4.9,-8.6,-0.3,0,"1,719"
20100204,-2.9,-8.4,2.2,0.1,"1,840"
20100205,-1.8,-5.9,3,0,"1,840"
20100206,-2.6,-8.5,4.7,0,"1,695"
20100207,1.2,-8.3,8.6,0.1,"1,719"
20100208,4.9,2.8,7.3,2.7,"1,840"
20100209,5.6,3.6,7.8,6.9,"1,864"
20100210,5.1,4,6.5,9,"1,860"
20100211,2.4,0.7,5.2,17.3,"1,820"
20100212,0.7,-0.6,2.7,3.1,"1,881"
20100213,-0.7,-3.3,2.2,1.9,"1,888"
20100214,-1.2,-4.9,2.5,0,"1,920"
20100215,-0.5,-4.4,5,0.1,"1,914"
20100216,-1.6,-5,3.2,0.6,"1,881"
20100217,-1.2,-6.1,3.6,0.4,"1,888"
20100218,-1.1,-4.8,2.4,0.5,"1,920"
20100219,-0.6,-6.1,5.4,0.1,"1,914"
20100220,2.2,-4.2,9.7,0,"1,881"
20100221,3.7,-3.4,11.6,0,"1,888"
20100222,5.2,-0.8,12.8,0,"1,920"
20100223,6.4,-1.2,16.4,0,"2,050"
20100224,11.2,1.2,18.9,0,"2,085"
20100225,13.4,10.3,16.4,33.4,"2,052"
20100226,9.4,6,13.5,4.1,"2,028"
20100227,6.3,3.8,9.2,1.5,"2,018"
20100228,7.1,3,12.6,0.1,"1,831"
20100301,5.4,3.4,8,15.6,"1,824"
20100302,4.2,1.8,6.9,0.3,"1,721"
20100303,5.2,-0.4,10.5,0,"1,731"
20100304,5.9,4.4,7.2,3.9,"1,831"
20100305,6.9,5,9.4,3.8,"1,824"
20100306,5.5,3.1,8.1,3.3,"1,721"
20100307,4.2,2.3,7,0.9,"1,731"
20100308,3.8,0.1,7.6,0.9,"1,831"
20100309,2.3,-0.8,5.8,5.7,"1,558"
20100310,-0.3,-2.9,2.6,3.9,"1,553"
20100311,3,-2.8,8.4,0,"1,564"
20100312,8.3,1.7,14.5,0,"1,688"
20100313,6.1,1.6,12.5,0,"1,760"
20100314,8,1,12.9,1.1,"2,605"
20100315,9.4,4.5,14.4,16.5,"2,689"
20100316,3.2,-0.4,7.2,0,"2,576"
20100317,2.4,-2.7,7.3,1.1,"2,514"
20100318,2.1,-1.8,6.5,2.3,"2,605"
20100319,6,-3.5,13.9,0,"2,689"
20100320,10.9,5.1,18.5,1,"2,576"
20100321,4.7,1,9.3,0,"2,462"
20100322,4.4,0.4,8,2,"2,436"
20100323,7,3.3,11.4,2.4,"2,444"
20100324,8.3,3.9,13.1,0.1,"2,399"
20100325,5.1,1.4,8.5,4.6,"2,364"
20100326,3.2,-2,8,0,"2,240"
20100327,5.6,0.5,10,0.9,"1,928"
20100328,6.2,1.7,11.4,0,"1,871"
20100329,5.6,-1.3,12.9,0,"1,952"
20100330,7.8,1,13.6,0,"1,871"
20100331,8.8,6.3,10.9,18.8,"1,952"
20100401,8.9,5.1,11.6,15.8,"1,934"
20100402,7.3,1.3,12.7,0,"1,894"
20100403,6.2,0.8,12.4,0,"1,892"
20100404,8.4,-0.5,16.6,0,"1,991"
20100405,11.9,4.9,19,0,"1,930"
20100406,10,5.1,15.2,0.1,"1,900"
20100407,6.9,1.4,12.9,0.1,"1,707"
20100408,8.5,0,16.5,0,"1,686"
20100409,11.5,4.6,19.5,0,"1,930"
20100410,12.2,6.9,17.7,0.1,"1,900"
20100411,12.3,7.9,17,0.9,"1,707"
20100412,11.8,9.2,15.9,3.8,"1,686"
20100413,6.9,3,11.3,1.6,"1,675"
20100414,4.4,0.9,8.9,0.7,"1,615"
20100415,6.2,-0.2,12.5,0,"1,586"
20100416,7.4,0.2,14.4,0,"1,550"
20100417,8.8,0.8,16.5,0,"1,681"
20100418,10.9,3.8,16.3,0.2,"1,641"
20100419,14.2,10.1,18.4,5.5,"1,543"
20100420,15.6,10.2,22.5,0.2,"1,514"
20100421,12.4,8.7,16.6,8,"1,458"
20100422,9.9,7.9,12.3,13.9,"1,292"
20100423,9.6,6.2,14.5,2,"1,211"
20100424,10.5,4,17.6,0,"1,514"
20100425,12.7,3.8,20.9,0,"1,458"
20100426,12.4,9,17.5,23.7,"1,292"
20100427,10.2,5.6,14.7,4.2,"1,301"
20100428,6.3,3.2,10,7.8,"1,290"
20100429,10.2,5.2,15,0.5,"1,256"
20100430,11.4,5.7,16.8,0,"1,316"
20100501,12.5,4.3,19.9,0,"1,294"
20100502,16.8,7.3,25.1,0,"1,268"
20100503,20,13.7,25.8,0,"1,237"
20100504,20.8,15,27.1,0,"1,158"
20100505,20.2,14,25.7,0.4,"1,141"
20100506,17.6,11.6,23.6,5.2,"1,037"
20100507,16.7,9.9,23.9,0,977
20100508,17.2,9.3,24.8,0,946
20100509,18.1,11.6,25.3,0,"1,015"
20100510,16.6,12.4,22,0.1,"1,038"
20100511,13.9,8.5,20.3,0.8,915
20100512,13.8,7.9,20.4,0,884
20100513,14.5,8.2,21.2,0,"1,016"
20100514,15.9,8.7,23.1,0,"1,039"
20100515,16,9.8,22.5,0,853
20100516,18.3,10.2,26.5,0,822
20100517,19.4,11.5,26.9,5.8,"1,017"
20100518,18,16.4,19.7,51.4,"1,301"
20100519,19.3,15.1,24.6,2.4,"1,290"
20100520,20.6,13.9,28.2,0,"1,256"
20100521,21.7,13.8,30.2,0,"1,316"
20100522,17.8,14.7,22.6,24.2,"1,294"
20100523,15.8,14.3,17.5,26.8,"1,268"
20100524,15,13.5,17.3,4.8,"1,237"
20100525,15.2,12.9,18.4,1.9,"1,158"
20100526,16.3,11.9,21.4,0.2,"1,141"
20100527,16,10.2,22.4,0,"1,037"
20100528,15.5,11.3,20,0,977
20100529,17.3,12.7,23.5,0,946
20100530,16.8,11.5,22.9,0,"1,015"
20100531,16.1,11.6,21.5,0.1,"1,067"
20100601,16.4,9.7,23.1,0,"1,171"
20100602,18.4,11,25.5,0,915
20100603,20.5,13.5,27.6,0,884
20100604,21.5,14.8,28.7,0,"1,016"
20100605,22,15.3,29.6,0.5,"1,275"
20100606,22.1,16.1,29.7,1.6,913
20100607,21.7,16.3,28.3,0.6,954
20100608,21.4,14.9,28.1,0,"1,000"
20100609,22.4,14.8,30,0,973
20100610,22.6,15.8,30,0,969
20100611,22.3,16,28.6,0.8,941
20100612,20.3,17.6,23.3,11.9,903
20100613,22.7,19,27.7,2.9,903
20100614,23,18.8,28.1,2.8,895
20100615,23,19.4,28.7,2.3,973
20100616,23.4,18.6,29.3,0.2,969
20100617,24.5,19.5,30.1,0,941
20100618,23.8,20.7,27.9,1.8,903
20100619,22.9,20.2,27.1,2.3,903
20100620,23.4,20.1,28.1,4.6,895
20100621,23.1,18.8,28.6,0,895
20100622,23,17,29.3,0,876
20100623,22.5,17.4,28.4,0,842
20100624,23.1,16.5,29.9,0,839
20100625,23.7,18.6,29.6,0.8,880
20100626,22.6,20.4,25.1,11.4,887
20100627,22.7,20.6,25.5,3.9,890
20100628,23.2,20,27.9,9.2,869
20100629,24.2,20.1,29.4,0.1,852
20100630,24.1,21.3,28.1,3.7,922
20100701,24.8,21.8,28.8,5,923
20100702,24.3,23,26.2,17.1,852
20100703,24.8,22.8,27.9,6.1,922
20100704,24.2,22.3,27.1,1.4,924
20100705,25.3,22.1,30.1,1,919
20100706,25.8,21.3,31.6,0.4,922
20100707,24.7,20.7,29.8,1.1,925
20100708,23.7,20.1,28.4,0.7,939
20100709,24.5,20.4,30.2,0.8,942
20100710,24.6,20.4,29.3,4.6,"1,002"
20100711,22.1,20.6,24.5,57.6,"1,024"
20100712,23.2,20.1,26.7,0.6,"1,019"
20100713,23.2,20.3,27,11.3,"1,048"
20100714,23.9,20,28.7,0.1,"1,024"
20100715,24.4,20.5,29.3,0.9,"1,019"
20100716,24.1,22,27.1,54.1,"1,040"
20100717,25.1,23.2,27.8,36.6,"1,118"
20100718,26.8,23.5,30.8,1.1,"1,107"
20100719,27.1,23.4,31.9,0.7,"1,000"
20100720,27.5,23.6,32,0.5,968
20100721,27.7,24.1,32,2.2,947
20100722,27.9,24.4,32.4,0.2,841
20100723,26.2,23.1,30.9,21.3,829
20100724,26,22.9,30.9,6.7,947
20100725,26,22.8,31.1,5.6,841
20100726,26.3,23.1,31.1,1.9,829
20100727,26.7,22.9,31.9,3.2,908
20100728,25.2,22.5,28.5,14.4,936
20100729,26.5,23.4,30.9,0.7,"1,042"
20100730,27,24.1,30.9,0.1,"1,331"
20100731,27.8,24.3,31.7,0,"1,329"
20100801,28.5,25.2,33,0,"1,283"
20100802,27.3,24.2,31.8,4.4,"1,254"
20100803,26.2,23.5,29.9,1.8,"1,234"
20100804,28.2,24.5,32.9,1.9,"1,018"
20100805,28.8,25.2,33.4,2.6,"1,004"
20100806,27.9,25.5,32.2,9.1,"1,254"
20100807,26.9,24,31.7,8.4,"1,234"
20100808,27,23.1,32.3,1.9,"1,018"
20100809,27.9,22.8,33.3,1.3,"1,004"
20100810,26.3,24.5,29.5,43.3,"1,254"
20100811,26.8,24.3,30.4,32.4,"1,234"
20100812,26.3,22.9,30.4,3.1,"1,018"
20100813,26.2,23.6,29.8,38,971
20100814,27.1,24.8,30,14,984
20100815,27,24.7,30.1,38.2,"1,005"
20100816,25.4,22.8,29.2,20.6,"1,197"
20100817,25.8,22.3,30.7,16.9,"1,229"
20100818,26.7,23.2,31.8,14.4,"1,224"
20100819,27.6,24,32.4,0.4,"1,237"
20100820,28.1,24.2,33.3,0.2,"1,297"
20100821,28.5,24.3,33.9,0,"1,394"
20100822,28.5,24.3,33.6,0.2,"1,431"
20100823,27.7,24.4,32.1,6,"1,435"
20100824,26.5,23.6,31,6.8,"1,224"
20100825,24.4,22.4,28.1,19.3,"1,237"
20100826,25.5,22.6,29.4,12.7,"1,297"
20100827,26,23,29.9,6,"1,394"
20100828,26.2,24,28.8,18.3,"1,431"
20100829,25.8,23.5,29.3,29.3,"1,516"
20100830,25.9,23.5,30,4.7,"1,581"
20100831,25.4,23,29.9,17,"2,002"
20100901,26.6,23,31.7,14.8,"2,066"
20100902,26,23.5,29.8,26.7,"2,096"
20100903,26.8,23.4,31.7,3.4,"2,097"
20100904,26.9,23,32.1,0.1,"2,146"
20100905,26.6,23.2,32.3,10.3,"1,956"
20100906,24.5,22.9,26.9,21.5,"2,236"
20100907,23.9,21.6,27.1,18.6,"2,439"
20100908,22.1,19.9,25.2,0.2,"2,491"
20100909,22.6,19.3,26.3,12.4,"2,236"
20100910,25.1,21.5,29.8,17.4,"2,439"
20100911,24.2,22.6,26.5,42.6,"2,491"
20100912,23.4,20.3,27.3,34.2,"2,236"
20100913,22.7,19,28,0.2,"2,439"
20100914,22.6,18.8,28,0.2,"2,491"
20100915,22.3,17.6,28.5,0.5,"2,498"
20100916,22.3,16.9,29.5,0,"3,018"
20100917,22.8,17.3,30,0,"3,025"
20100918,23.3,18.1,30.1,0,"3,047"
20100919,21.9,18.2,26.4,6.1,"3,016"
20100920,23.2,20.2,27.3,7.4,"3,096"
20100921,24.9,20.6,29.7,30.1,"3,277"
20100922,18.5,16.1,23.2,9.7,"3,324"
20100923,17.7,13.6,23.3,0.2,"3,569"
20100924,17.3,12.1,23.9,0,"3,638"
20100925,17.3,12.3,23.7,0,"3,324"
20100926,17,13.1,22.6,0.1,"3,569"
20100927,17.5,13.1,23.7,0.6,"3,638"
20100928,16.3,10.6,21.7,0.5,"3,324"
20100929,14.1,9.2,19.9,0,"3,521"
20100930,14.8,9.4,22.3,0,"3,497"
20101001,15.6,9.2,23.2,0,"3,283"
20101002,17.8,12.3,22.6,12.9,"2,784"
20101003,19,15.3,23.5,6.7,"2,568"
20101004,15.6,13.1,19,2.3,"2,323"
20101005,15.4,11.4,20.5,0.1,"2,277"
20101006,15.7,10.4,22.8,0,"2,216"
20101007,16.9,11.3,24.1,0,"1,879"
20101008,17.7,14.1,22.7,3.9,"1,803"
20101009,18.1,14.4,23.7,0.7,"1,700"
20101010,17.6,13,24.6,0,"1,686"
20101011,17.1,12.5,22.5,0.1,"1,682"
20101012,17.3,13.3,22.9,0,"2,323"
20101013,16.2,12.7,20.8,0.3,"2,277"
20101014,15.8,11.4,20.9,0,"2,216"
20101015,13.9,9.1,19.1,0,"1,879"
20101016,14.5,8.2,21.9,0,"1,803"
20101017,14.7,9.2,22.2,0.1,"1,700"
20101018,14.2,8.9,21.7,0.1,"1,686"
20101019,15.1,9.4,22.7,0,"1,682"
20101020,15.3,10.5,21.9,0,"1,498"
20101021,15.5,10.8,21.3,1.1,"1,454"
20101022,15.5,10.8,22.1,0,"1,460"
20101023,15.2,9.9,20.8,0.3,"1,453"
20101024,16.1,13.5,20.5,8.1,"1,447"
20101025,13.1,7.8,17.9,0.3,"1,461"
20101026,5.3,0.8,9.8,0,"1,460"
20101027,6.7,-0.5,13.3,0,"1,416"
20101028,7.6,1.8,14.7,0,"1,401"
20101029,9.1,1.3,17.3,0,"1,395"
20101030,11.3,5.7,18.2,0,"1,460"
20101031,11.3,5.8,17.9,0.6,"1,416"
20101101,11.4,5.7,17.6,0,"1,401"
20101102,8,3.1,12.6,0,"1,395"
20101103,6.9,0.2,14,0,"1,461"
20101104,9.1,2.5,16.9,0,"1,472"
20101105,10.2,4.6,17.7,0,"1,463"
20101106,10.7,5.2,18.1,0,"1,430"
20101107,10.8,5.7,17.8,0.4,"1,430"
20101108,9.4,4.5,14,1.5,"1,285"
20101109,6.1,3.3,9.9,0.1,"1,282"
20101110,5.8,0.2,12.3,0,"1,267"
20101111,9.9,1.6,16.5,5.5,"1,273"
20101112,10.2,4.3,15.3,0.3,"1,280"
20101113,8.9,1.8,16.3,0,"1,287"
20101114,9.2,5.2,14.4,0,"1,294"
20101115,4.1,-0.9,8.8,0,"1,362"
20101116,3.4,-2.7,10.6,0,"1,387"
20101117,5.3,-0.1,12.6,0,"1,393"
20101118,5.1,-0.6,13.4,0,"1,407"
20101119,4.6,-0.9,12.2,0,"1,417"
20101120,6.8,0,16,0,"1,427"
20101121,9.5,2.4,17.3,0,"1,443"
20101122,8.6,2.1,14.3,1.3,"1,418"
20101123,5.6,-1.5,13.2,0,"1,405"
20101124,7.4,1.6,13.8,0,"1,391"
20101125,5.6,1.1,10.4,0,"1,418"
20101126,1.8,-2.7,7.6,0,"1,405"
20101127,3.3,-3.3,10.8,1.3,"1,391"
20101128,1.2,-3.1,5.8,0.2,"1,418"
20101129,4.7,-1.5,11.9,0.9,"1,323"
20101130,7.8,2.3,15.1,0.6,"1,328"
20101201,7.2,2.1,15.3,0,"1,258"
20101202,8.2,3.6,13.2,1.2,"1,257"
20101203,3.8,-0.4,10,0.6,"1,245"
20101204,3.4,-2.7,10.2,0,"1,179"
20101205,7.8,1.1,14.6,0,"1,110"
20101206,6,0.3,12.1,1,"1,174"
20101207,0.8,-2.7,6,0.3,"1,174"
20101208,1.1,-3.5,5.9,2.1,"1,174"
20101209,0.3,-3.8,5,0.1,"1,174"
20101210,4,-5,11.4,0.5,"1,174"
20101211,1.6,-4.7,9.8,0,"1,174"
20101212,-0.8,-7.4,4.8,0.1,"1,174"
20101213,3.7,0.9,5.8,11.9,"1,181"
20101214,0.8,-5,5.7,0,"1,194"
20101215,-6,-8.7,-2.4,0.1,"1,236"
20101216,-5,-10,0,0,"1,232"
20101217,0,-4.9,4.7,0.8,"1,178"
20101218,1,-4.6,8.1,0,"1,174"
20101219,5.5,-1.6,11.3,0,"1,172"
20101220,4.8,-0.4,11.8,0,"1,067"
20101221,3.6,-1.9,11,0,"1,067"
20101222,3.7,-1.1,10.6,0,"1,148"
20101223,1.8,-3.7,7.9,0,"1,142"
20101224,-6.8,-9.5,-2.7,0,"1,169"
20101225,-7.1,-11,-3.1,0.4,"1,362"
20101226,-5.3,-9.6,-1,0.9,"1,379"
20101227,-1.4,-6.6,3.6,0.6,"1,441"
20101228,0.6,-3.4,4.7,3.8,"1,441"
20101229,-2.2,-5.8,1.8,0.2,"1,441"
20101230,-2.8,-6.4,1,4,"1,300"
20101231,-6.1,-9.3,-2.3,1,"1,313"
20110101,-5,-10.4,0.7,0.4,"1,314"
20110102,-3.5,-9.5,3.6,0,"1,315"
20110103,-3.3,-8.5,1.8,1.8,"1,281"
20110104,-2,-6.8,2.2,0,"1,296"
20110105,-0.7,-4,2.5,0,"1,303"
20110106,-4.1,-7.3,-0.5,0.1,"1,479"
20110107,-5.5,-10.8,0.6,0,"1,479"
20110108,-2.6,-10,3.4,0,"1,499"
20110109,-2.9,-8.2,1.4,0,"1,498"
20110110,-6.6,-11.8,-0.8,0,"1,538"
20110111,-3.6,-9.5,1.5,0.4,"1,479"
20110112,-5.1,-9.2,-1.1,0,"1,499"
20110113,-5.6,-11.6,1.4,0,"1,498"
20110114,-2.7,-9.5,3.5,0.1,"1,538"
20110115,-7.7,-13,-1.8,0.2,"1,479"
20110116,-10.1,-14.8,-5.2,0.1,"1,499"
20110117,-7.1,-13.2,-0.6,0,"1,498"
20110118,-5,-10.6,0.5,0,"1,619"
20110119,-4.2,-8.6,0.8,0,"1,629"
20110120,-5.4,-9.3,-0.9,0,"1,716"
20110121,-5,-9.6,0.8,0,"1,708"
20110122,-3.2,-8.9,3,0,"1,755"
20110123,-2.1,-6.6,2.7,1.4,"1,757"
20110124,-4.7,-8.2,-1.4,0.3,"1,754"
20110125,-6,-10.7,-0.3,0,"1,846"
20110126,-5.9,-10.5,-0.4,0,"1,866"
20110127,-5.8,-10.5,-0.5,0,"1,956"
20110128,-4.5,-8.2,0.4,0,"2,024"
20110129,-6.5,-10.5,-2,0.2,"1,754"
20110130,-7.3,-11.8,-2.8,0.2,"1,846"
20110131,-4.8,-11.9,1.3,0,"1,866"
20110201,-0.2,-6.7,7.2,0,"1,956"
20110202,1.5,-3.9,8.9,0,"2,132"
20110203,1,-5.2,8.7,0,"2,275"
20110204,1.9,-3.7,8.8,0,"2,305"
20110205,1.4,-3.4,8.5,0,"2,222"
20110206,2.5,-3.3,8.6,0,"2,089"
20110207,2,-2.9,7.6,0,"2,032"
20110208,2.6,-0.7,6.3,1.3,"1,615"
20110209,0.8,-2.9,5.5,0,"1,569"
20110210,-1,-4.6,3.1,0.3,"2,025"
20110211,-0.8,-4.8,4,4.5,"2,082"
20110212,-3.5,-7.2,0.7,1.9,"1,523"
20110213,-3.7,-9.8,2.5,0,"1,477"
20110214,-2.4,-5.5,0.9,3.4,"2,139"
20110215,-1.3,-7.3,5.6,0,"2,196"
20110216,0.8,-6.3,7.7,1.5,"1,670"
20110217,1.6,-0.8,4.4,3.8,"1,672"
20110218,1.3,-3.9,8.1,0,"1,648"
20110219,2.3,-3.8,9.7,0,"1,465"
20110220,4.1,-2.8,11.9,0,"1,482"
20110221,4.2,-1.4,11.6,0,"1,573"
20110222,4,-2.6,12.4,0,"1,578"
20110223,4.8,-2,13.7,0,"1,575"
20110224,7.4,-0.4,16,0,"1,719"
20110225,4.8,-0.8,10.7,0,"1,578"
20110226,5.5,-2.7,12.8,0.1,"1,575"
20110227,6.1,4.1,8.6,43,"1,719"
20110228,4.9,3.4,7.2,3.8,"1,578"
20110301,2.5,-0.4,5.6,3.2,"1,575"
20110302,0,-3.3,4.3,0,"1,719"
20110303,-0.8,-5.4,4.1,0,"1,709"
20110304,0.7,-4.6,6.8,0,"1,715"
20110305,2.5,-3.8,9,0,"1,719"
20110306,4.9,-0.6,10.8,0,"1,451"
20110307,3.5,-0.1,7.6,0,"1,445"
20110308,3,-2.9,9,0,"1,464"
20110309,2,-2,6.7,0,"1,491"
20110310,2.7,-3.5,8.6,0,"1,488"
20110311,5,-1.5,12,0,"1,555"
20110312,7.6,0.4,15.4,0,"1,622"
20110313,9.8,2.4,18.1,0,"1,689"
20110314,9.1,3.9,16.1,0,"1,629"
20110315,4.1,-0.6,8.9,0,"1,646"
20110316,1.3,-2.4,5.9,0,"1,621"
20110317,2.1,-3.5,8.4,0,"1,621"
20110318,5.8,-3.6,13.8,0,"1,548"
20110319,10.5,4.3,16.4,0,"1,493"
20110320,7.1,4.5,11.3,15.2,"1,462"
20110321,7.9,4.1,13.1,0.6,"1,465"
20110322,3.6,0.1,7.7,0.4,"1,469"
20110323,2.8,-3,8.7,0,"1,493"
20110324,4.8,-0.4,10.6,2.8,"1,462"
20110325,3.1,-0.5,7.1,0.3,"1,465"
20110326,3.2,-2.9,9.3,0,"1,469"
20110327,5.5,-2.5,11.9,0,"1,493"
20110328,6.2,1,11.9,0.4,"1,462"
20110329,5.1,-1.2,11.2,0,"1,450"
20110330,7.9,0.4,15.7,0,"1,440"
20110331,9.7,1.6,19,0,"1,458"
20110401,10.9,1.5,19.8,0,"1,464"
20110402,8.9,4.7,14,0.1,"1,455"
20110403,7.2,2.8,12.1,2.6,"1,349"
20110404,7.8,1.1,15.3,0,"1,348"
20110405,9.1,0.5,18.2,0,"1,318"
20110406,11,1.3,18.9,0.7,"1,293"
20110407,11.7,9.1,14.4,17.1,"1,348"
20110408,11.7,7.1,17.4,3.3,"1,318"
20110409,10.5,3.4,18.1,0,"1,293"
20110410,12.3,4.5,19.9,0.5,"1,272"
20110411,10.1,5.1,15.4,2.7,"1,263"
20110412,10.2,1.4,18.3,0,"1,270"
20110413,12.1,3.6,20.2,0,"1,274"
20110414,13.2,4.3,21.2,0,"1,296"
20110415,16.2,9.8,23.5,0.1,"1,292"
20110416,11.5,6.1,18.8,0.1,"1,268"
20110417,11.3,4,18.7,0,"1,296"
20110418,7.9,5.1,11.8,2.7,"1,292"
20110419,9.2,4.2,15.1,0.7,"1,268"
20110420,10.8,2.8,18.5,0,"1,296"
20110421,13.4,5.4,20.3,0,"1,292"
20110422,10.7,8.7,13.9,26.8,"1,268"
20110423,10.7,6.3,15.8,0,"1,235"
20110424,10.4,5,16,0.4,"1,224"
20110425,12.9,6.3,18.8,0.3,"1,202"
20110426,12.4,9.8,15.3,11.9,"1,024"
20110427,12.1,8.2,16.8,2.4,"1,021"
20110428,10.2,5.9,15.4,0.7,"1,010"
20110429,13.3,4.1,19.9,0.6,"1,009"
20110430,17,13.3,21.3,37.3,"1,005"
20110501,15.1,11.2,18.7,2.3,995
20110502,15.3,9.5,21.9,0,989
20110503,16,10.8,22.5,0,988
20110504,14.4,7.4,21.3,0,"1,006"
20110505,15.1,8.5,21.8,0,995
20110506,14.9,9.5,19.3,1.1,989
20110507,17.9,13.7,24.2,1.2,957
20110508,18.4,12.3,25.5,0,952
20110509,19.7,14.1,24.6,5.7,"1,002"
20110510,18.5,15.2,22.6,41.3,988
20110511,15.8,14,18.1,46.4,"1,001"
20110512,15.1,11.6,19.3,2.9,"1,067"
20110513,16.2,10,22.2,0,"1,071"
20110514,17.6,11.1,24.3,0,"1,105"
20110515,17.7,9.3,25.6,0,"1,112"
20110516,16.6,11.2,22.5,0,"1,071"
20110517,16.2,8.6,23.5,0,"1,105"
20110518,18.9,10.4,26.1,0,"1,112"
20110519,20.4,15,25.8,0.1,"1,071"
20110520,20.2,16.4,24.5,3.3,"1,105"
20110521,17.5,14.3,22.1,4.4,"1,116"
20110522,16.9,13,22.1,1.8,"1,147"
20110523,15.7,12,20.4,3.5,"1,165"
20110524,18,9.8,26.1,0,"1,209"
20110525,18.8,13.2,24.8,0,"1,228"
20110526,16.3,14.3,19,6.2,"1,230"
20110527,16.7,14,20.1,0.7,"1,224"
20110528,18.6,13.5,24.9,0,"1,244"
20110529,19.5,13.9,26.1,0,"1,245"
20110530,19,13.6,25.2,0,"1,245"
20110531,17.2,15.3,20,2,"1,242"
20110601,17.6,14.5,22.2,11.6,"1,145"
20110602,18.5,14.7,24.3,0,"1,244"
20110603,19.6,14.2,26.1,0,"1,245"
20110604,20.8,16.5,26,0.1,"1,245"
20110605,21.5,16.1,28.3,0,"1,242"
20110606,21.3,14.6,27.8,0,"1,145"
20110607,21.5,15.1,28.3,0,"1,142"
20110608,22.1,15.7,28.8,0.4,"1,144"
20110609,21.2,17.3,25.6,0.3,"1,146"
20110610,21.2,17.7,25.1,2.8,"1,278"
20110611,22.9,17,29.6,1.4,"1,278"
20110612,22.2,17.6,28.3,0.8,"1,271"
20110613,20.7,16.8,25.8,0.1,"1,247"
20110614,21.3,15.8,27.4,0,"1,247"
20110615,21.7,17,27.2,0.1,"1,158"
20110616,22.6,17.2,28.5,0,"1,155"
20110617,22,16.6,28.1,0,"1,247"
20110618,22.3,18.2,27.3,1.5,"1,158"
20110619,23.1,17.1,29.5,0,"1,155"
20110620,23.3,17.5,29.9,0.8,"1,247"
20110621,24.8,18.5,31.5,0.1,"1,158"
20110622,23.8,20.9,27.3,22.1,"1,160"
20110623,25.2,22.5,28.4,21.6,"1,178"
20110624,22.1,19.8,25.5,52.1,"1,176"
20110625,19.7,18.4,21.8,54.1,"1,153"
20110626,20.6,18.3,23.2,48.3,"1,141"
20110627,21.7,18.6,25.2,3.4,"1,119"
20110628,23.8,18.4,29.6,4.7,"1,113"
20110629,24.7,21.8,28.8,34,"1,143"
20110630,24.6,21.9,28.2,19.4,"1,395"
20110701,25.1,21.9,29.6,0.8,"1,425"
20110702,26,22.2,30.7,2.1,"1,113"
20110703,24.2,22.1,26.5,49.1,"1,143"
20110704,24.3,20.5,29,9,"1,395"
20110705,24.2,19,30.4,0,"1,425"
20110706,22.8,19.5,27,4.2,"1,113"
20110707,23.2,20.9,25.7,21.8,"1,143"
20110708,24.4,22.5,27.3,22.6,"1,497"
20110709,23.2,21.2,26.1,84.4,"1,504"
20110710,23.2,21,26.6,57.2,"1,548"
20110711,23.2,20.7,27,20.6,"1,697"
20110712,24,21.8,26.8,30.7,"1,761"
20110713,24.9,22.8,27.2,8.9,"1,739"
20110714,25.3,23.3,28.6,20.4,"1,769"
20110715,26.1,23.2,30.1,6.8,"1,790"
20110716,26.2,22.8,30.5,9.3,"1,938"
20110717,26.4,22.6,31.4,2.9,"1,955"
20110718,27.1,22.8,32,0.1,"1,928"
20110719,27.5,23.7,31.8,0.7,"1,790"
20110720,26.7,22.4,31.8,0,"1,938"
20110721,24.4,20.8,28.9,1.4,"1,955"
20110722,23,20.1,26.6,3.6,"1,928"
20110723,24.5,21.4,29.1,2.1,"1,790"
20110724,23.9,22.1,27,14.1,"1,938"
20110725,24.6,21.6,28.6,6,"1,948"
20110726,26,22.6,29.8,17.5,"1,956"
20110727,26.2,24,29,55.6,"1,890"
20110728,26.9,24,30.7,12.1,"1,923"
20110729,26.9,23.9,31.4,7.7,"1,872"
20110730,26.4,23.7,30.6,6.5,"1,829"
20110731,25.7,23.2,29.2,13.3,"1,864"
20110801,25.2,23.3,28.2,33.6,"1,829"
20110802,25.5,23.3,28.8,13,"1,808"
20110803,26.3,23.4,30.6,9.3,"1,762"
20110804,26.9,23.4,31.8,2.9,"1,765"
20110805,27.9,23.3,33.2,0.1,"1,864"
20110806,27.4,24.1,31.8,2.5,"1,829"
20110807,27.5,24.4,30.8,32.9,"1,808"
20110808,26.6,23.9,29.9,28.8,"1,787"
20110809,25.1,23.3,27.5,35.9,"1,467"
20110810,26,23.9,29.3,11.9,"1,490"
20110811,27,24.1,31.5,5.9,"1,717"
20110812,26.3,23.9,30.2,15.6,"1,690"
20110813,26,23.5,29.7,6.4,"1,731"
20110814,26.1,23.5,30.6,4.4,"2,067"
20110815,26.2,23.3,30.1,1.7,"2,067"
20110816,26.5,23.7,30.6,12.6,"2,036"
20110817,25.3,23.6,28.1,25.6,"1,971"
20110818,24.7,22.2,28.7,5.6,"1,882"
20110819,22.9,20.7,25.5,3.5,"2,037"
20110820,21.1,19.1,23.7,15,"1,793"
20110821,22.5,18.3,27.9,2.9,"1,704"
20110822,21.7,18.6,25.7,2,"2,038"
20110823,21.7,17.9,25.7,3.3,"1,615"
20110824,22.4,19.4,25.9,2,"1,932"
20110825,23.4,20.1,27.5,0.4,"2,081"
20110826,23.9,21,27.7,1.4,"2,146"
20110827,25,21.8,29.5,0.8,"2,165"
20110828,25.2,21.3,30.2,0,"2,664"
20110829,25.8,21.9,31,1.4,"2,707"
20110830,25.7,22.4,30.9,0.7,"2,623"
20110831,26,22.1,31.8,0,"2,544"
20110901,25.8,21.1,32.1,0,"2,492"
20110902,25.2,20.6,30.3,0.5,"2,096"
20110903,24.7,20.9,29.5,0.2,"2,025"
20110904,23.3,19.4,28.3,2.1,"2,544"
20110905,22.4,18.3,28.1,1.9,"2,492"
20110906,21.8,16.7,28.3,0.1,"2,096"
20110907,21.3,14.8,27.9,0,"2,025"
20110908,21.8,18.7,25.8,0.1,"2,544"
20110909,20.8,18.8,23.9,1.6,"2,492"
20110910,19.8,18.1,22.1,16.2,"1,878"
20110911,21.6,19.1,24.6,24.5,"1,835"
20110912,23.7,21.1,28.2,4,"1,899"
20110913,24.5,21.3,29.5,0.1,"1,883"
20110914,24.9,21.3,30.5,0,"1,885"
20110915,24.8,20.4,31.1,0,"1,822"
20110916,25.2,20.6,31.5,0,"1,750"
20110917,24.8,21,30,3.3,"1,713"
20110918,21.6,19,25.3,3.6,"1,563"
20110919,18,15.7,20.5,0.6,"1,517"
20110920,17.4,13.5,21.5,0.1,"1,471"
20110921,17.3,12.1,23.2,0,"1,713"
20110922,16.7,10.4,24,0,"1,563"
20110923,17.5,11.1,25.3,0,"1,517"
20110924,18.1,11.9,25.5,0,"1,471"
20110925,18.4,12.5,25.8,0,"1,713"
20110926,18.4,12.2,26.5,0,"1,563"
20110927,18.4,11.2,26.4,0,"1,255"
20110928,18.5,13.7,23.5,0,"1,234"
20110929,17.9,16,20.2,12.4,"1,193"
20110930,16.9,11.8,21.5,0.2,"1,180"
20111001,13.4,8.7,19.3,0,"1,173"
20111002,12.9,8.2,18.7,0,"1,251"
20111003,12.3,6,20.1,0,"1,268"
20111004,13.9,6.5,21.9,0,"1,289"
20111005,15.6,11,22.5,0,"1,389"
20111006,15.6,9.9,22.3,0,"1,295"
20111007,14.1,7.9,21.7,0,"1,251"
20111008,14.5,8.2,22.7,0,"1,268"
20111009,15.5,9.1,23.1,0,"1,289"
20111010,16.5,10.5,24.5,0,"1,389"
20111011,16.1,10.8,23.8,0,"1,295"
20111012,15,8.5,21.5,0,"1,284"
20111013,16.7,10.9,24.6,0,"1,210"
20111014,14.4,12.4,16.1,9.8,"1,199"
20111015,15.7,11.8,20.6,5.3,"1,192"
20111016,15.5,10.8,20.4,0.4,"1,138"
20111017,13,7.2,19.1,0,"1,142"
20111018,9.8,3.3,17.9,0,"1,164"
20111019,12.3,4.1,21.1,0,"1,164"
20111020,15,9.1,21.4,0,"1,179"
20111021,15.9,11.5,20.1,9.1,"1,066"
20111022,15.2,11.9,19,22,"1,164"
20111023,14.7,10.1,19.7,0,"1,164"
20111024,14.2,11,17,1.9,"1,091"
20111025,8.6,3.8,13.5,0,"1,142"
20111026,8,1,16.5,0,"1,170"
20111027,10.8,3.5,19.4,0,"1,170"
20111028,13,7.7,20.2,0,"1,276"
20111029,13.3,10,17.1,2.3,"1,277"
20111030,14.1,9.8,19.6,0.3,"1,320"
20111031,13.2,7.3,21.2,0,"1,346"
20111101,14.9,8.1,22.3,0,"1,443"
20111102,16.3,12.5,22.1,0.1,"1,420"
20111103,17.2,12.1,23.8,0,"1,346"
20111104,18.7,14,23.8,2.3,"1,443"
20111105,18.9,16.2,23.4,21.1,"1,420"
20111106,16.2,14.5,19,9,"1,346"
20111107,15.5,13.3,19.2,0.3,"1,407"
20111108,14.3,11.8,17.6,1.1,"1,511"
20111109,13.7,11.4,16.6,0.8,"1,523"
20111110,13.4,10.1,16.9,0.1,"1,546"
20111111,12.4,9.3,16.6,1.9,"1,536"
20111112,11.7,7.7,17,0,"1,561"
20111113,11.7,7.5,17,0,"1,575"
20111114,8,3.5,13.5,0,"1,634"
20111115,7,1.7,14,0,"1,677"
20111116,9.1,1.7,17,0,"1,561"
20111117,11.9,6.8,15.7,1,"1,575"
20111118,14.5,11.4,17.5,20.6,"1,634"
20111119,13.2,7.6,18.1,6.3,"1,677"
20111120,3.9,0.9,7.7,0,"1,561"
20111121,2.7,-1.8,8.4,0,"1,575"
20111122,5,-1.1,9.2,0.2,"2,034"
20111123,5.5,1.9,10.4,5.2,"2,047"
20111124,1.9,-1.7,5.9,0,"2,105"
20111125,2.9,-1.8,9.3,0,"2,145"
20111126,5.9,-0.9,12.5,0,"2,274"
20111127,10.7,5.2,17.5,0.1,"2,311"
20111128,12,7.8,18.2,0.4,"2,299"
20111129,11.8,8.2,16.6,2.4,"2,287"
20111130,8,5,11.5,29.7,"2,169"
20111201,6,4.3,8.2,1.6,"2,141"
20111202,6.5,3,9.4,2.6,"2,287"
20111203,6.3,3.2,9.6,7,"2,169"
20111204,4.9,0.9,9,0,"2,141"
20111205,2.8,-1.7,8.2,0,"2,287"
20111206,4.6,1.6,9.2,0.2,"2,169"
20111207,5.7,2.4,9.1,0,"1,772"
20111208,3.3,-0.5,7.4,1.7,"1,744"
20111209,-0.6,-3,2.7,1.5,"1,741"
20111210,-0.5,-4.7,3.4,0.5,"1,734"
20111211,3.5,-0.5,7,0,"1,578"
20111212,4.4,-0.5,9.5,0,"1,528"
20111213,2.2,-3.4,9.8,0,"1,587"
20111214,3.9,-2.8,10,0,"1,587"
20111215,0.1,-3.9,5.3,0,"1,564"
20111216,-3.7,-6.4,-0.3,0.5,"1,707"
20111217,-3.4,-8.1,1.5,0,"1,708"
20111218,-0.6,-4.9,4.3,0,"1,709"
20111219,-1.1,-6,4.7,0,"1,710"
20111220,-0.2,-5.8,5.5,0,"1,659"
20111221,2.4,-1.9,6.7,0.1,"1,683"
20111222,-1.6,-6.6,3.5,0.1,"1,683"
20111223,-4.4,-9.3,1,0.3,"1,683"
20111224,-3.1,-7.2,1.2,0.8,"1,592"
20111225,-4.1,-7.9,0,0.1,"1,550"
20111226,-4.8,-9,0.2,0,"1,596"
20111227,-3.3,-9.1,3.8,0,"1,589"
20111228,-0.5,-6.3,5.9,0.1,"1,589"
20111229,0.2,-4.5,5.4,0.3,"1,622"
20111230,-2.1,-6.7,4.6,0,"1,625"
20111231,-1.2,-7.1,3.8,0,"1,589"
20120101,-0.3,-4.7,3.8,0.4,"1,589"
20120102,-2.8,-7.5,2.6,0,"1,622"
20120103,-1.9,-5.8,2.8,0.7,"1,625"
20120104,-4,-6.6,-1,0.8,"1,589"
20120105,-4.1,-8.7,1.5,0,"1,625"
20120106,-2.6,-7.8,3.7,0,"1,622"
20120107,-3.3,-9,4.1,0,"1,632"
20120108,-1.9,-8.2,4.7,0,"1,513"
20120109,0.1,-4,4.9,0,"1,523"
20120110,0,-3.7,4.5,0,"1,628"
20120111,-3,-7.6,0.7,0,"1,652"
20120112,-3.4,-9.6,2.2,0,"1,513"
20120113,-0.2,-4.8,5.3,0,"1,523"
20120114,-1,-6.6,4.9,0,"1,656"
20120115,-0.6,-3.9,3.8,0,"2,062"
20120116,1.2,-4,7.3,2,"2,087"
20120117,2.8,-1.2,8.6,0.2,"1,946"
20120118,2.4,-1.8,7.3,0.4,"2,016"
20120119,4.8,1.7,7.4,5.9,"2,006"
20120120,5.9,3.5,8.9,1.4,"2,133"
20120121,3.8,1.4,6.7,1.5,"2,119"
20120122,-1.7,-6.2,2.5,0,"2,016"
20120123,-6.3,-9.6,-2.3,0,"2,006"
20120124,-5.8,-10.6,-0.7,0.2,"2,133"
20120125,-5.9,-9.7,-2,0.7,"2,119"
20120126,-3.3,-10.9,3.2,0,"2,016"
20120127,0.1,-4.9,6.1,0.1,"2,130"
20120128,0.2,-3.8,5.7,0,"2,115"
20120129,-0.9,-5.8,4.8,0,"2,109"
20120130,-2.8,-7.1,2.4,0,"2,159"
20120131,-2.3,-9.2,3.4,3.3,"2,181"
20120201,-6.5,-10.6,-0.4,0.3,"2,137"
20120202,-10.2,-13.9,-5.7,0.1,"1,933"
20120203,-7,-13.7,-0.9,0,"1,884"
20120204,-1.9,-7.5,4.1,0.1,"2,138"
20120205,-0.6,-5.2,5.6,0,"1,835"
20120206,1.2,-4.3,6.2,1.6,"1,786"
20120207,-3.7,-8.5,3,0,"2,139"
20120208,-6.3,-11.1,-1.6,0.4,"1,737"
20120209,-3,-8.8,1.7,0.2,"1,870"
20120210,-1.4,-6.2,3.7,0,"1,880"
20120211,-2.4,-8,3.6,0,"1,884"
20120212,0,-7.2,6.7,0,"1,897"
20120213,2.3,-0.9,6.5,0.5,"1,917"
20120214,3.4,-0.8,9,3.4,"1,918"
20120215,2.1,-1,7,0,"1,913"
20120216,0.3,-3.7,4.9,0,"1,904"
20120217,-3.6,-6.5,0.1,0.1,"1,922"
20120218,-4.8,-9,-0.3,0.1,"1,918"
20120219,-3.3,-9.1,2.7,0,"1,913"
20120220,-0.6,-8.4,7,0,"1,904"
20120221,0.8,-4.5,6.3,0.7,"1,922"
20120222,4.4,-2.2,10.7,0,"1,918"
20120223,5.7,1.1,10.8,0,"1,938"
20120224,4.5,-0.4,9.4,0.3,"1,983"
20120225,2.2,-0.5,5.3,1,"2,005"
20120226,-0.1,-3.1,4.3,0.6,"1,952"
20120227,-0.3,-6.4,6.8,0,"2,108"
20120228,1.6,-4.3,7,0.6,"2,128"
20120229,4.6,-2.2,12.1,0.1,"2,206"
20120301,7.3,0.9,14.5,0,"1,953"
20120302,5.8,4.1,7.9,2.1,"2,108"
20120303,6.2,2.4,10.6,0.5,"2,208"
20120304,5.6,2.7,8.4,4.4,"2,200"
20120305,5.3,3.6,7,15.7,"1,998"
20120306,4.9,2.3,7.9,3.6,"1,982"
20120307,4.5,0.6,9.9,0,"1,982"
20120308,3.9,-0.4,9.5,0,"1,967"
20120309,3.9,-1.2,9.6,0.5,"2,127"
20120310,4.5,0.7,9.6,0.1,"2,106"
20120311,0.3,-2.8,3.4,0,"2,133"
20120312,-0.3,-5,5.1,0,"2,089"
20120313,1.6,-4.9,8.2,0,"2,127"
20120314,4.5,-2.7,11,0,"2,106"
20120315,6.1,-0.2,12.9,0,"2,075"
20120316,7.2,3.4,11.2,5.4,"2,062"
20120317,9.3,6.7,13.4,1.9,"2,073"
20120318,7.3,2.6,12.4,1.2,"2,111"
20120319,3.9,-0.8,9.5,0,"2,099"
20120320,3.9,-1.9,10,0,"2,038"
20120321,5.3,-2.2,12.7,0,"2,067"
20120322,6.6,2.3,10.4,7.6,"2,051"
20120323,6,3.7,8.3,19,"2,099"
20120324,4.8,2.2,8.8,1.2,"2,038"
20120325,4.4,1,8.8,0,"2,067"
20120326,4.6,-1.3,10.8,0,"2,051"
20120327,8.1,-0.7,15.6,0,"2,099"
20120328,9.9,3.7,17.4,0,"2,068"
20120329,11.9,1.8,18.9,0.6,"2,036"
20120330,12,7.8,15.5,25,"2,008"
20120331,7,2.8,11.8,0.1,"1,646"
20120401,5.5,-0.2,11.7,0,"1,624"
20120402,10.1,1.3,16.9,5.7,"1,634"
20120403,6.7,2.8,13.3,24,"1,619"
20120404,8.7,0.7,15.7,0,"1,617"
20120405,8.3,3,14.2,0,"1,480"
20120406,6.3,0.7,12.3,0,"1,634"
20120407,6.8,0,13.8,0,"1,619"
20120408,13.3,2.7,21,0,"1,617"
20120409,16,10.7,22.4,0,"1,480"
20120410,13.7,10.1,18,4.8,"1,634"
20120411,12.5,7.8,17.6,2.2,"1,619"
20120412,10.8,3.8,17.1,0,"1,457"
20120413,10.5,7.4,14.7,0.7,"1,460"
20120414,12.7,6.2,20.1,0,"1,443"
20120415,14.7,7.6,23.3,0,"1,420"
20120416,13.3,6.9,21.1,0,"1,412"
20120417,11.9,4.8,19.2,0,"1,404"
20120418,13.5,5.7,21.2,0,"1,381"
20120419,13.6,8.6,19.2,1.9,"1,337"
20120420,15,11.5,19.6,0.7,"1,236"
20120421,12.6,10.7,15,57.6,"1,232"
20120422,12.4,9.5,16.4,4.1,"1,232"
20120423,15.7,8.8,22.8,0.1,"1,212"
20120424,19,11.1,27.2,0,"1,381"
20120425,14.7,11.4,18.9,28.6,"1,337"
20120426,13.1,8.2,18.1,0.5,"1,236"
20120427,14.5,5.4,23.1,0,"1,232"
20120428,16.9,8.6,24.9,0,"1,232"
20120429,16.8,11,22.1,0,"1,216"
20120430,18.7,12.9,23.7,0.3,"1,216"
20120501,18.8,14.7,23.2,5.6,"1,163"
20120502,19,15.6,23.7,1.2,"1,192"
20120503,17.4,13.4,22.8,1.5,"1,161"
20120504,18.9,12,26.1,0.1,"1,135"
20120505,19.6,13.3,26.2,0.1,"1,109"
20120506,17.7,10.6,25,0,"1,121"
20120507,18.4,10.7,26.5,0,"1,115"
20120508,18.9,12.5,27,1.1,"1,109"
20120509,18.4,12.6,26.1,0.1,"1,121"
20120510,15.9,12.2,20.8,0.2,"1,115"
20120511,14.5,12.4,17.8,0.1,"1,109"
20120512,15.5,11.3,20.9,0,"1,121"
20120513,16.9,12.2,22.4,0,"1,115"
20120514,15.6,14,17.1,17.6,"1,104"
20120515,17.5,13.1,22.9,0.5,"1,054"
20120516,17.3,11.4,23.7,0.1,"1,046"
20120517,16.1,11.2,21.8,1.3,"1,062"
20120518,16.7,9.3,24.6,0,"1,051"
20120519,17.8,11,24.6,0,"1,046"
20120520,19,11.6,26.9,0,891
20120521,19.4,12.3,26.7,0,928
20120522,20,12.5,27.7,0,915
20120523,20.7,14.6,28.1,0,912
20120524,19.7,14.8,25.4,0.3,891
20120525,19.9,15.3,26.1,0.3,928
20120526,19.7,12.7,27.4,0,915
20120527,20.4,13,27.6,0.3,912
20120528,19.7,14.9,25.8,1.3,923
20120529,20.4,15.1,26.7,0.1,967
20120530,18.7,16.6,21.9,3.5,966
20120531,19.6,15.5,25.5,1.1,973
20120601,19.8,14.3,25.8,0,955
20120602,20.3,16.4,26.5,1.5,907
20120603,20.9,14.6,27.7,0,865
20120604,21.6,15.6,27.5,0.2,877
20120605,23.1,18.7,28.8,0,955
20120606,22.7,18.5,28,0,907
20120607,22.7,17.9,28.8,0,865
20120608,20.1,18,23.5,7.7,880
20120609,21.6,17.6,27,0,855
20120610,22.1,17.5,27.9,1.1,843
20120611,21.5,17.9,26.3,0.2,825
20120612,22,17.9,27.6,2.2,817
20120613,21.4,17.7,26.4,1.4,848
20120614,21.5,17.4,26.6,0,818
20120615,20.4,18.1,23,4.5,812
20120616,22.2,17.5,27.7,0.3,817
20120617,23.2,17.8,29.2,0,848
20120618,22.2,18.5,27.1,3.3,818
20120619,22.9,18.8,28.9,7.2,812
20120620,22.6,18.3,27.7,0.2,817
20120621,23.5,18.9,29.8,0.1,800
20120622,23.1,18.4,28.9,0.1,811
20120623,23.8,19.2,29.8,1,800
20120624,23.3,19.6,27.1,0.8,795
20120625,22.7,18.2,27.7,0,795
20120626,21.7,18.6,25.5,0.4,790
20120627,21.4,18.7,25,0.2,784
20120628,22.8,18.1,28,0,778
20120629,23.5,19.4,28.7,4.6,705
20120630,23.3,20.9,26,37.4,790
20120701,23.4,20.4,27.7,0.5,784
20120702,24,19.9,29.2,0.1,703
20120703,24.6,20.4,29.3,1.1,706
20120704,25.4,22,29.6,0.3,684
20120705,23.9,22.3,26.1,25.2,676
20120706,23.2,21,25.5,64,647
20120707,23,19.6,28.1,2.1,641
20120708,24,19.3,29.7,0,655
20120709,24.9,20,30.7,0,674
20120710,24,20.9,27.8,6.4,647
20120711,24.1,21.9,27.3,33.2,641
20120712,25,21.1,29.1,0.8,655
20120713,24.8,21.9,29,23.6,674
20120714,23.3,21.3,25.8,25.1,711
20120715,22.4,20.3,25.1,48.2,804
20120716,23,20.4,26.5,0.6,805
20120717,23.5,21.2,26.3,8,831
20120718,25.4,22.7,28.6,14.1,831
20120719,25.6,23.1,29.2,27.9,836
20120720,26.1,22.8,30.8,0.2,879
20120721,26.1,22.3,31,0.1,882
20120722,25.6,23.3,29,3.9,920
20120723,27.3,23.8,31.8,0.7,932
20120724,28,24.1,33.1,0,836
20120725,28,23.6,33.4,0,879
20120726,27.9,23.3,33.4,0,882
20120727,28,23.6,33.2,0,920
20120728,28.2,23.8,33.6,0,932
20120729,28.7,24.1,34,0,836
20120730,28.8,24.4,33.8,1.2,912
20120731,28.9,24.7,34.3,0.1,854
20120801,29.4,24.3,34.9,0,850
20120802,28.8,25.5,32.9,0.3,852
20120803,28.8,24.9,33.6,0,853
20120804,28.8,24.3,34.3,0,829
20120805,29.2,23.6,35.3,0,848
20120806,29,24.4,34.5,1.2,846
20120807,28.2,24,33.5,0.2,840
20120808,27,22.3,32.4,0,831
20120809,27.2,23,32.7,0.2,846
20120810,25.3,23.1,29,8,839
20120811,26.9,22.7,31.8,0.8,852
20120812,26.2,23.7,30.2,26.8,853
20120813,25.5,23.2,28.8,35,829
20120814,25.4,22.4,29.1,6.2,848
20120815,26.5,23.5,30.2,42.8,846
20120816,25.6,23.1,29.3,21.1,840
20120817,26.9,23.4,31.8,2.7,831
20120818,27.6,24.6,31.8,2.6,852
20120819,28.2,25.3,32.2,1.5,862
20120820,26.8,24.8,29.3,17.7,866
20120821,26.7,24,31.3,17.4,919
20120822,23.6,21.7,26.7,29.4,923
20120823,22.4,20.6,24.7,38.5,943
20120824,22.4,20.6,24.4,40.8,"1,015"
20120825,25.6,22,30.6,3.4,"1,083"
20120826,27,22.8,32.2,0,"1,437"
20120827,27.1,23.1,30.8,1.9,"1,580"
20120828,25.9,23.4,28.6,38.3,"2,464"
20120829,26.2,23.2,30.3,2.6,"1,723"
20120830,22.3,19.6,25.4,67.5,"1,866"
20120831,22.6,18.3,27.7,1.7,"2,842"
20120901,22.9,19.1,28.1,0.5,"2,976"
20120902,23.3,19.9,28.4,0.3,"3,207"
20120903,23.7,19.9,29,0.1,"3,059"
20120904,23.1,19.8,27,23.3,"2,904"
20120905,22.8,18.2,28,9.9,"2,887"
20120906,20.8,15.7,27.2,0,"2,824"
20120907,21.9,15.7,27.5,8.7,"2,680"
20120908,21.9,18.8,26.4,33.3,"2,659"
20120909,19.9,18,22.8,7.9,"2,690"
20120910,21,17.3,26.3,10.4,"2,824"
20120911,20.9,16.1,26.9,0,"2,680"
20120912,21.1,16.5,26.3,0,"2,659"
20120913,21.3,19.3,23.9,5.8,"2,690"
20120914,19.8,17.6,22.7,4.3,"2,695"
20120915,19.8,16.8,23.6,2.9,"2,686"
20120916,18.8,17.3,20.7,46.6,"2,743"
20120917,18.8,17.4,20.9,95.5,"2,720"
20120918,20.7,17.2,25.4,0.1,"2,686"
20120919,19.6,15.5,25.1,0.3,"2,683"
20120920,18.9,14.1,25.4,0,"2,648"
20120921,18.7,14.1,24.9,0,"2,494"
20120922,19.1,14.2,25.8,0.1,"2,449"
20120923,19.3,14.1,26.2,0,"2,413"
20120924,19.1,13.5,26.2,0,"2,399"
20120925,19.2,13.6,26.2,0,"2,494"
20120926,18.8,13.4,25,0,"2,449"
20120927,18.8,15.2,23.7,0,"2,413"
20120928,18.6,14.4,24.5,1.6,"2,399"
20120929,16.6,12.4,21.7,0.1,"2,494"
20120930,15.9,10.6,22,0,"2,449"
20121001,16.7,11.1,23.7,0,"2,413"
20121002,17.3,12,24.4,0,"2,372"
20121003,17.4,11.8,24.6,0,"2,241"
20121004,17.1,11.1,24.5,0,"2,237"
20121005,17.5,12.3,22.8,0,"2,280"
20121006,17.9,13.5,24,0.1,"2,234"
20121007,16.7,11.2,23.8,0,"2,075"
20121008,15.6,10.5,22.4,0,"1,893"
20121009,15.2,9.2,21.9,0,"1,731"
20121010,15.4,10.5,21.9,1.6,"1,683"
20121011,13.7,8.7,19.9,0,"2,076"
20121012,13.4,6.6,21.9,0,"1,893"
20121013,14.5,8.6,22.9,0,"1,731"
20121014,15.4,9.6,23.5,0,"1,683"
20121015,13.7,7.7,22,0,"1,264"
20121016,15.6,7.7,23,0,"1,127"
20121017,13.6,8.2,18.1,1.6,"1,144"
20121018,10.5,4.2,17.7,0,"1,121"
20121019,12.3,5.5,20.6,0,"1,126"
20121020,13.6,7,21.2,0.1,"1,091"
20121021,15.7,9.2,24,0,"1,087"
20121022,14.7,10.5,20.2,26.7,"1,113"
20121023,11,6.3,16.2,0,"1,125"
20121024,11.6,5.9,18.2,0,"1,125"
20121025,13.2,7.4,21,0.1,"1,125"
20121026,14.5,8.6,22.2,0,"1,125"
20121027,14.8,11.9,17.2,25.4,"1,125"
20121028,15.4,9.8,20.6,0,"1,125"
20121029,12.1,6.8,18.5,0,"1,070"
20121030,10.3,5.4,15,0.3,"1,050"
20121031,8.2,3.5,13.7,0.4,"1,069"
20121101,7.2,2.6,11.8,0.1,"1,089"
20121102,6.2,0.3,13.7,0,"1,079"
20121103,8.1,0.8,16.7,0,"1,181"
20121104,10.8,5.4,14.9,5.8,"1,217"
20121105,10.4,6.9,14.8,3,"1,300"
20121106,9.3,6.3,12.4,4.5,"1,332"
20121107,9.8,6.1,14.3,0,"1,217"
20121108,10,5.5,15,0,"1,300"
20121109,9.8,4.9,16.2,0,"1,332"
20121110,12.1,7.7,15.6,3,"1,217"
20121111,10.6,6.9,15,18.1,"1,347"
20121112,9.6,6.9,12.5,1.2,"1,464"
20121113,7.3,3.9,11.2,3.1,"1,486"
20121114,4.8,2.2,8.2,0.7,"1,556"
20121115,4.9,0.1,11.3,0,"1,577"
20121116,5.9,-0.5,10.9,5.7,"1,632"
20121117,7.5,3.6,10.9,4,"1,731"
20121118,4.5,-0.2,10.8,0,"1,740"
20121119,5.3,-0.2,11.6,1.1,"1,754"
20121120,3.2,-1.1,8.2,0,"1,731"
20121121,3.7,-2.3,9.6,0,"1,740"
20121122,6.2,0.5,12.5,0,"1,759"
20121123,6.1,3.2,9.8,0.5,"1,756"
20121124,3.3,-1.3,8.8,0,"1,720"
20121125,3.5,-2.9,9.3,1.2,"1,725"
20121126,3.8,0.7,8,2.8,"1,727"
20121127,1.8,-2.9,7.7,0,"1,740"
20121128,6.2,-0.9,13.2,0.8,"1,743"
20121129,2.9,-1.4,8.1,0,"1,743"
20121130,2.6,-2.4,8.6,0.1,"1,738"
20121201,1,-3.5,5.7,0.2,"1,727"
20121202,3.1,-0.7,8.4,0.6,"1,740"
20121203,3.2,-1.3,8.4,3.2,"1,743"
20121204,0.2,-2.7,3.7,0.1,"1,743"
20121205,0,-3.8,5.4,6.7,"1,738"
20121206,-3.8,-7.4,-0.2,0.6,"1,729"
20121207,-2.1,-6.4,2,3.3,"1,729"
20121208,-3.9,-7.6,0.1,0.9,"1,729"
20121209,-6.2,-10.1,-2.2,0.4,"1,614"
20121210,-5.4,-10.2,0.1,0,"1,615"
20121211,-4.2,-9.6,2.1,0,"1,630"
20121212,-3.6,-8.8,3.6,0,"1,650"
20121213,-1.3,-8.4,6.7,0,"1,647"
20121214,3.3,-1.2,6.6,25.3,"1,804"
20121215,5.3,2.1,8.7,0.5,"1,809"
20121216,3.3,-0.4,8.7,0,"1,647"
20121217,2.7,-0.6,7.1,0,"1,804"
20121218,-2.8,-5.8,0.6,0,"1,809"
20121219,-4.2,-8.1,0.8,0,"1,647"
20121220,-1.8,-7.3,4.4,0,"1,804"
20121221,0.9,-2.2,3,6.7,"1,852"
20121222,0.1,-3.2,3.1,0,"1,880"
20121223,-4.8,-9.2,-1.3,0.4,"1,841"
20121224,-6.7,-12,-1.4,0.1,"1,857"
20121225,-4.3,-9.5,0.7,0.3,"1,862"
20121226,-8,-12.6,-2.1,0,"1,890"
20121227,-4.1,-11.5,2.7,0,"1,891"
20121228,-0.7,-3.3,2.2,7.3,"1,892"
20121229,0.7,-3.1,4.2,2.2,"1,894"
20121230,-3.5,-8.1,1.4,1.5,"1,915"
20121231,-6.1,-10.5,-1.2,0.2,"1,937"
20130101,-3.2,-9.1,2.6,2,"1,890"
20130102,-6,-11.2,0,0.4,"1,891"
20130103,-9.9,-13.9,-5.1,0,"1,892"
20130104,-9,-14.7,-1.9,0,"1,894"
20130105,-5.9,-13.1,1,0,"1,912"
20130106,-4.1,-8.5,2.1,0,"1,838"
20130107,-4,-9.7,2.5,0,"1,855"
20130108,-3.2,-8.7,3.2,0,"1,932"
20130109,-5.6,-9.6,-1.5,0,"1,957"
20130110,-6.9,-12,-0.8,0,"1,937"
20130111,-4.3,-11.8,2.9,0,"1,937"
20130112,0.3,-5.6,7,0.1,"1,921"
20130113,-0.7,-4.7,3.9,0,"1,957"
20130114,-0.7,-6.1,5.7,0.1,"1,937"
20130115,-1.9,-7.2,4.9,0,"1,937"
20130116,-0.7,-5.7,3.9,0.1,"1,921"
20130117,-2.8,-6.2,0.3,1.9,"1,911"
20130118,-3.3,-9.1,3.2,0,"1,901"
20130119,-0.1,-5.3,5.9,0,"1,891"
20130120,1.4,-4.7,7,0,"1,938"
20130121,3.8,2.2,5.3,19.3,"1,937"
20130122,3.6,2.3,5.7,2.2,"1,959"
20130123,2.5,0.9,4.1,1.4,"1,946"
20130124,0.9,-3.2,4.6,0.3,"1,951"
20130125,-4.6,-6.7,-1.5,0,"1,883"
20130126,-5.5,-8.9,-1.2,0,"1,959"
20130127,-5,-8.8,-0.8,0,"1,946"
20130128,-1.8,-8.7,4.4,0,"1,951"
20130129,2.2,-3.2,8,0,"1,883"
20130130,4.1,-0.9,11,0,"1,959"
20130131,6.4,0.3,12.7,0.5,"1,899"
20130201,8.6,4.8,12.2,31.3,"1,956"
20130202,3,-2,8.1,0,"1,984"
20130203,-0.2,-4.7,2.8,3.2,"2,052"
20130204,2,-1.6,6.3,4.2,"2,366"
20130205,0.6,-3,3.5,3.9,"2,383"
20130206,1.1,-1.2,3.7,2.2,"2,263"
20130207,-6.2,-10.9,0,0.1,"2,257"
20130208,-8.2,-13.2,-2.5,0,"2,282"
20130209,-5.1,-10.6,0.6,0,"2,312"
20130210,-1.7,-7.1,3.8,0.1,"2,298"
20130211,-2.8,-8,2.7,0,"2,297"
20130212,-1.7,-4.4,1.7,0.3,"2,282"
20130213,-0.9,-6.8,5.1,0,"2,312"
20130214,2.1,-3.3,7.9,0,"2,298"
20130215,1.4,-3.4,6.1,0,"2,297"
20130216,-1.6,-7.2,4.6,0,"2,282"
20130217,2,-3.2,6.3,1.9,"2,328"
20130218,2.9,0.2,6.3,1.8,"2,372"
20130219,-0.1,-3.4,4,0.5,"2,207"
20130220,-1.9,-6.8,3.6,0,"2,154"
20130221,-0.2,-5.2,5.3,0,"2,115"
20130222,1.6,-3.5,7.1,0.6,"2,094"
20130223,0.1,-5.1,5.2,0,"1,932"
20130224,1.8,-4.1,7.7,0,"1,873"
20130225,3.1,-3.3,10.3,0,"1,851"
20130226,4.9,0,9.4,0.2,"1,836"
20130227,6.1,0.8,13.1,0,"1,788"
20130228,8,-1.1,16.4,0,"1,873"
20130301,4.2,-1.2,11.2,4.9,"1,851"
20130302,0.4,-3.7,5.6,0,"1,836"
20130303,1.3,-4.1,7.4,0,"1,788"
20130304,3.4,-2.7,10.4,0,"1,751"
20130305,4.7,-2.6,12.9,0,"1,684"
20130306,7.9,-1,16.9,0,"1,692"
20130307,9.4,3.5,14.6,0.8,"1,684"
20130308,9.8,2.5,18.3,0,"1,676"
20130309,13.5,2.3,23.7,0,"1,671"
20130310,5.8,0.4,13.9,0,"1,651"
20130311,4.5,-3.2,13.1,0,"1,643"
20130312,9.1,-0.3,16.5,1.4,"1,666"
20130313,6.5,2.1,12.4,16.1,"1,677"
20130314,4.3,0.3,9.7,0,"1,623"
20130315,5.9,-1,13.4,0,"1,671"
20130316,7.6,1.2,15.8,0,"1,651"
20130317,8.9,0.3,17.6,16,"1,643"
20130318,10.3,7,15.5,16.3,"1,666"
20130319,10.7,5,15.8,0,"1,677"
20130320,5.5,-1.1,11.9,2.3,"1,623"
20130321,2.5,-4.1,9.8,0,"1,623"
20130322,5.3,-0.5,11.3,0,"1,602"
20130323,6.7,0.5,13.8,0,"1,606"
20130324,6.5,1.3,12.4,0,"1,584"
20130325,3.8,-0.1,8.7,0.8,"1,578"
20130326,5.1,-2.3,12.5,0,"1,549"
20130327,9,1.3,17.2,0,"1,552"
20130328,9.9,2.7,17.3,0,"1,556"
20130329,7.2,1.9,13.2,0,"1,382"
20130330,6.6,0.8,12.9,0.3,"1,358"
20130331,7.3,2.4,13.7,0.6,"1,552"
20130401,9.2,1.1,16.8,0,"1,556"
20130402,7.4,4.3,12.1,1.4,"1,382"
20130403,10,3,17.7,0,"1,369"
20130404,11.9,4.7,20.3,0,"1,371"
20130405,13.1,5.1,19.9,0.3,"1,351"
20130406,8.5,3.7,13,24.7,"1,351"
20130407,5.2,1.8,9.6,1.6,"1,368"
20130408,8.6,0.4,16.3,0.1,"1,333"
20130409,8.2,4.2,13.1,0.3,"1,323"
20130410,5.5,1.2,10,0.1,"1,317"
20130411,7,1.8,12.1,0.5,"1,222"
20130412,6.9,0.8,12.9,0,"1,232"
20130413,11.8,1.1,19.8,0,"1,243"
20130414,11.4,4.3,17.5,1.5,"1,317"
20130415,7.9,0.9,14,0,"1,222"
20130416,15.6,5.8,24.5,0.1,"1,232"
20130417,12.1,9.2,17.3,0.3,"1,243"
20130418,11.8,7.3,18,0,"1,317"
20130419,9.4,3.7,15.3,0,"1,222"
20130420,5.8,3.5,8.5,9.7,"1,240"
20130421,8.8,3.1,15.2,0,"1,128"
20130422,11.3,2.3,18.9,0,"1,122"
20130423,10.9,8.6,14,22.1,"1,096"
20130424,13.6,8.9,19.4,1.5,"1,082"
20130425,10.8,6.6,16.4,2.2,"1,080"
20130426,11.4,6.4,17.3,0.5,"1,064"
20130427,11.6,4.9,19.1,0.8,"1,092"
20130428,15.2,7.1,22.1,0,"1,093"
20130429,14.6,9.4,19.1,7.5,"1,086"
20130430,13.2,6.2,21,0.1,"1,109"
20130501,11.6,6.8,17,0.2,"1,116"
20130502,11.8,6.7,17.9,1.1,"1,064"
20130503,12.5,6.3,19.2,0.9,"1,092"
20130504,14,8.7,20.5,0.1,"1,093"
20130505,15.6,7.6,23.6,0,"1,086"
20130506,16.8,8.9,25.1,0,"1,109"
20130507,16.1,9.7,23.1,0,"1,116"
20130508,17.5,8.8,26.4,0,"1,064"
20130509,18,11.5,24.4,3.8,"1,092"
20130510,15.6,12.8,19.5,15.9,"1,073"
20130511,18.1,11.9,25.5,0,"1,064"
20130512,20.2,13,26.7,0.1,"1,044"
20130513,20.2,13.4,28.1,0,"1,047"
20130514,18.9,11.8,26,0,"1,011"
20130515,18.9,13.8,25.3,0,"1,006"
20130516,17.8,12.7,23.5,0,986
20130517,16.9,10.9,23.6,0,983
20130518,17.7,11,24,4.2,962
20130519,16.5,14.1,19.9,24.4,920
20130520,16.9,12.4,21.9,0,939
20130521,17.9,9.7,26.1,0,939
20130522,19.9,12.1,27.6,0,"1,007"
20130523,20.7,14.1,28.5,0,986
20130524,21.7,14.2,30.1,0,939
20130525,21.5,15.7,28.6,0,925
20130526,21.8,16.9,27,0,916
20130527,19.5,17.6,22.2,51.8,919
20130528,19.5,17.3,22.1,26.1,914
20130529,18.5,15.9,21.3,0.5,909
20130530,19.8,14.5,26.5,0,919
20130531,19.6,13.2,26.3,0,973
20130601,19.6,15.4,25.3,0,914
20130602,19.9,13.6,26.9,0,909
20130603,20.1,14.2,26.6,0,919
20130604,21.8,15.4,28.6,0,973
20130605,22.3,16.4,28.9,0,914
20130606,22.2,17.4,28.5,0.6,"1,108"
20130607,22.2,17.8,28.1,0.2,"1,172"
20130608,22.1,17.6,27.1,0,"1,345"
20130609,22.5,17.7,27.8,0,"1,409"
20130610,22.6,17.2,27.9,0,"1,410"
20130611,21,18.5,24.7,4.8,"1,390"
20130612,20.7,18.9,23.5,3.4,"1,388"
20130613,22.3,19.3,26.5,0.1,"1,149"
20130614,22.2,19.9,25.4,1.5,"1,409"
20130615,24,20,29.2,0.1,"1,410"
20130616,24.2,19.2,30.1,0,"1,390"
20130617,24,20,28.6,1,"1,388"
20130618,22.6,21.5,24.5,46.9,"1,149"
20130619,23.4,20.3,28.2,20.1,"1,144"
20130620,24.4,20.1,30,0,"1,150"
20130621,23.8,20.8,28.1,0.4,"1,142"
20130622,23.2,20,27.9,1.3,"1,185"
20130623,21.6,19.5,24.8,2.9,"1,168"
20130624,22.9,18.4,28.3,0,"1,163"
20130625,22.6,19.4,27.2,6.5,"1,205"
20130626,23.3,19.6,28.9,5.8,"1,206"
20130627,23.3,19.5,28.3,3.5,"1,192"
20130628,23.6,20.1,29,1.6,"1,192"
20130629,24.5,19.5,30.3,0.1,"1,205"
20130630,25.1,20,30.6,0,"1,206"
20130701,25.4,21.1,30.6,0,"1,192"
20130702,25.7,22.3,29.4,11.5,"1,192"
20130703,25.7,22.4,29.6,18.6,"1,192"
20130704,25.2,22.8,27.9,22.3,"1,167"
20130705,23.8,21.9,26.3,51.5,"1,156"
20130706,25,21.8,29.9,0,"1,139"
20130707,24.4,22.2,27.3,19.3,"1,056"
20130708,26.1,23.5,29,14.6,"1,048"
20130709,27,24.4,30.7,1.7,"1,005"
20130710,26.9,23.9,30.8,2.3,"1,008"
20130711,26.8,23.6,30.7,5,"1,005"
20130712,26,23.3,29.1,6.3,964
20130713,26.2,23.5,30.3,18.4,972
20130714,25.9,23.3,29.6,23.6,"1,053"
20130715,26,23.4,29.7,14.2,"1,111"
20130716,27.3,23.2,31.5,0.5,980
20130717,26.4,23.8,29.8,8.5,988
20130718,26.4,23.2,30.8,4.7,"1,169"
20130719,26.6,22.4,31.8,0.4,"1,227"
20130720,27.4,23.4,32.2,1.1,996
20130721,27.2,24.2,31,1.3,"1,199"
20130722,27.3,24.5,31.6,16.6,"1,628"
20130723,26.3,24.5,28.4,17.3,"1,649"
20130724,26.7,23.8,30.1,4.8,"1,799"
20130725,26.7,22.6,31.7,0,"1,814"
20130726,27,22.6,32.4,0,"1,782"
20130727,26.5,22.2,31.8,0.1,"1,806"
20130728,26,23.6,28.9,11.1,"1,822"
20130729,27.4,24.2,31.6,5.2,"1,798"
20130730,26.3,23.2,31.3,8.5,"1,789"
20130731,27,24.1,31,12.9,"1,796"
20130801,27.2,23.8,32.2,3.6,"1,703"
20130802,27,24.6,30.6,3.7,"1,789"
20130803,27.2,24.5,31.9,9.1,"1,796"
20130804,27.4,24.6,32.1,7.6,"1,703"
20130805,27.6,24.1,32.2,4.9,"1,718"
20130806,27.6,23.7,32.9,9.8,"1,787"
20130807,28.9,24.3,34.3,0,"1,802"
20130808,29.7,25.9,34.6,0,"1,779"
20130809,29.9,25.9,34.6,2.1,"1,677"
20130810,28.4,24.6,33.8,6.4,"1,681"
20130811,28.8,24.3,34.7,0.2,"1,657"
20130812,28.9,24.6,34.5,0.2,"1,625"
20130813,28.4,24.2,33.9,0,"1,575"
20130814,28.2,23.8,33.7,0,"1,449"
20130815,28.4,23.6,33.8,0.1,"1,677"
20130816,28.4,24.1,34,0.5,"1,681"
20130817,28.4,24.3,33.5,0,"1,657"
20130818,28.7,24.4,34.1,0.7,"1,625"
20130819,28.4,23.9,34.1,2.5,"1,575"
20130820,27.6,23.1,33.5,0.6,"1,449"
20130821,27.5,23.6,32.4,1.4,"1,677"
20130822,27.8,24.5,33,6.6,"1,681"
20130823,25.4,23.6,28,38.7,"1,657"
20130824,24.7,21.9,28.2,31,"1,354"
20130825,24.9,20.7,30.6,2.3,"1,318"
20130826,24.9,20.6,30.9,0.1,"1,306"
20130827,25.1,20,31,0,"1,189"
20130828,25.4,21.1,30.7,0,"1,169"
20130829,25.5,21.7,29.7,23.4,"1,142"
20130830,25.1,22.1,29.6,4.7,"1,146"
20130831,23.3,19.7,28.1,3.7,"1,128"
20130901,22.9,18.8,28.3,0,"1,019"
20130902,22.1,17.4,27.9,0.2,"1,034"
20130903,20.2,16.5,24.4,0,"1,038"
20130904,20.6,14.7,27.1,0,"1,057"
20130905,20.1,15.4,24.4,0,"1,064"
20130906,19.2,17.5,21.8,5.2,"1,160"
20130907,20.5,17,25.5,1.6,"1,034"
20130908,21.4,16.7,27.9,0,"1,038"
20130909,21.7,16.7,27.7,0,"1,057"
20130910,22.5,18.3,27.4,3,"1,064"
20130911,22.3,19.9,25.5,9.9,"1,240"
20130912,22.5,20.4,25.6,2.9,"1,273"
20130913,24.2,20.7,28.7,14.4,"1,296"
20130914,22.4,20.1,25.6,40.6,"1,344"
20130915,22.7,18.1,28.9,0,"1,493"
20130916,20.4,15.2,27.1,0.1,"1,541"
20130917,21,14.4,28.9,0,"1,564"
20130918,22.5,16.3,30.1,0,"1,594"
20130919,22.4,17.3,28.6,0,"1,561"
20130920,22.4,17.3,29.2,0,"1,484"
20130921,22.9,18,29.5,0,"1,407"
20130922,22.2,18.5,27.4,1.6,"1,493"
20130923,22.1,17.2,28,0,"1,541"
20130924,21.8,17.8,26.3,3.8,"1,564"
20130925,19.6,16.2,24.2,1.1,"1,594"
20130926,17.1,12,23.4,0.2,"1,561"
20130927,17.2,10.3,24.6,0,"1,484"
20130928,18.2,15,22,2.1,"1,407"
20130929,18.8,17.1,20.6,26.8,"1,493"
20130930,20.9,18,25.9,7.2,"1,541"
20131001,20.8,16.7,26.5,0.5,"1,564"
20131002,19.4,14.7,24.4,2.4,"1,594"
20131003,16.1,10.7,22.8,0.1,"1,561"
20131004,16.2,9.2,24.6,0,"1,484"
20131005,18.5,11.2,25.6,0,"1,203"
20131006,20.9,16.9,24.7,2.7,"1,161"
20131007,22.5,19.5,26.9,0.9,"1,146"
20131008,20.3,18.5,22,30.7,"1,122"
20131009,20,16.8,24.7,0.6,"1,127"
20131010,19.9,16.5,23.9,8.2,"1,078"
20131011,18.8,13.1,23.6,0.3,"1,038"
20131012,15.5,9.9,22.3,0,"1,009"
20131013,15.8,9.3,23.8,0,"1,016"
20131014,17.3,11,25.2,0,"1,024"
20131015,14.4,10.5,19.6,5.8,997
20131016,11.1,6.3,17,0,"1,032"
20131017,11.1,5.3,18.3,0,"1,040"
20131018,13,6.8,20.6,0,998
20131019,14.3,8.6,20.5,0,"1,048"
20131020,15.9,11,22.7,0.1,"1,031"
20131021,14.9,10.1,21.2,0,"1,055"
20131022,15.1,9.7,21,0.2,"1,077"
20131023,15.4,10.6,21.8,0,"1,123"
20131024,14.1,9.2,20.5,0,"1,182"
20131025,10.9,6.4,17,0,"1,202"
20131026,10,4.7,16.7,0,"1,252"
20131027,10.1,3.9,18.3,0,"1,344"
20131028,10.5,4.3,18.4,0,"1,375"
20131029,12.2,5.4,19.6,0.3,"1,317"
20131030,11.9,7.2,17.9,0,"1,289"
20131031,12,6.6,19.8,0,"1,344"
20131101,14,7.9,21.2,0,"1,375"
20131102,14.1,10.2,18.4,2,"1,317"
20131103,13.4,9.4,18.6,0.1,"1,289"
20131104,12,7.6,17.9,0.3,"1,257"
20131105,11.1,5.3,19.3,0,"1,186"
20131106,12.3,7.5,17.3,0.9,"1,160"
20131107,12.8,6.7,18.4,0.5,"1,102"
20131108,9.3,3.6,16,0,"1,097"
20131109,11.9,7.1,16.6,12.5,"1,097"
20131110,9.3,4.2,15,0.6,"1,046"
20131111,4.9,1.2,9.4,0,"1,056"
20131112,4.6,-0.3,10.6,0,"1,059"
20131113,4.7,-1.2,12.3,0,"1,059"
20131114,6.5,0.6,11.5,0.5,"1,046"
20131115,8.3,3.8,14.8,0.7,"1,056"
20131116,7.2,1.4,14.7,0.5,"1,059"
20131117,7.1,3,11.2,1.4,"1,059"
20131118,3.2,0.7,6.5,1.4,"1,094"
20131119,3.5,0.4,6.8,0.8,"1,084"
20131120,3.4,-0.3,7.9,0.1,"1,079"
20131121,3.8,-1.2,9.6,0,"1,079"
20131122,5,-0.3,11.3,0,"1,078"
20131123,6.1,0.6,13.1,0,"1,045"
20131124,8.4,2.3,13.8,14,"1,051"
20131125,7.5,3.3,12.7,12.6,"1,052"
20131126,3.5,-0.8,8,0.3,"1,078"
20131127,1.8,-2,6.4,6.7,"1,045"
20131128,-1.3,-4.5,2.2,1.3,"1,053"
20131129,1.1,-3.3,5.9,0.5,"1,058"
20131130,3.9,-1.8,10.8,0,"1,050"
20131201,4.5,-0.2,10.8,0,"1,050"
20131202,4,-1.1,9.5,0,"1,052"
20131203,5,0.4,11,0,"1,052"
20131204,4.6,-0.2,11.6,0,"1,052"
20131205,5.4,-0.1,10.5,0,"1,085"
20131206,4.2,-0.2,9.3,0,"1,092"
20131207,3.9,-1.3,10.5,0,"1,052"
20131208,4.5,-1,11.6,0,"1,052"
20131209,5.8,2.5,9.5,8.5,"1,085"
20131210,3,0.4,6,1.2,"1,092"
20131211,0.9,-1.7,4,2.2,"1,092"
20131212,1,-4.8,5.7,3.1,"1,089"
20131213,-2.4,-5.8,2,0.3,"1,055"
20131214,-0.5,-6.2,4.4,0.3,"1,048"
20131215,-1.2,-5.2,3.8,0,"1,094"
20131216,-1.3,-6.1,3.2,0,"1,156"
20131217,2,-2.5,6.3,1.7,"1,221"
20131218,4.2,0.9,8.5,0.4,"1,444"
20131219,-0.2,-3.3,2.9,1.2,"1,447"
20131220,-0.9,-4.2,2.4,1.2,"1,156"
20131221,-0.4,-4.3,4.7,0.1,"1,221"
20131222,-0.8,-5.7,4.9,0,"1,444"
20131223,0.3,-3.6,5.4,0,"1,447"
20131224,-0.4,-5.5,6.8,0.1,"1,156"
20131225,0.8,-5.4,7.2,0,"1,221"
20131226,1.6,-1.5,5.3,0.3,"1,469"
20131227,-2.4,-5.3,0.8,0,"1,471"
20131228,-3.9,-8,0.8,0.1,"1,529"
20131229,-1.7,-7.3,3.2,0.3,"1,542"
20131230,2.8,-2.4,7.6,0,"1,608"
20131231,4.1,-1.8,9.1,0,"1,608"
20140101,4.8,-0.3,9.2,0,"1,471"
20140102,2.6,-2.2,9.1,0,"1,529"
20140103,2.6,-3.2,10.1,0,"1,542"
20140104,1.5,-2.8,6.9,1.2,"1,608"
20140105,0.7,-3.7,6.6,0.1,"1,608"
20140106,0.2,-5.1,7.6,0,"1,502"
20140107,1.9,-4.3,7.8,0,"1,502"
20140108,2.1,-1.4,5.3,1.8,"1,490"
20140109,-4.4,-8.1,-0.6,0,"1,490"
20140110,-3.7,-9.6,2,0,"1,462"
20140111,-0.8,-5.5,4.4,0,"1,522"
20140112,-0.4,-5.1,5.3,0,"1,502"
20140113,-3.9,-8.4,1.5,0,"1,518"
20140114,-3.4,-9.3,3.4,0,"1,542"
20140115,-2.3,-8.1,4.3,0,"1,572"
20140116,-0.9,-6.6,5.2,0,"1,502"
20140117,-0.1,-5,5.9,0,"1,518"
20140118,-0.6,-4.6,3.9,0,"1,542"
20140119,-1.7,-8.3,4.6,0,"1,572"
20140120,1,-2.2,5.5,1.5,"1,502"
20140121,-2.9,-5.5,-0.1,1.4,"1,518"
20140122,-2.7,-8,3.4,0,"1,542"
20140123,-1,-7.5,7.1,0,"1,572"
20140124,4,-3.5,10.7,0,"1,802"
20140125,6.2,1.4,10.6,1.9,"1,792"
20140126,0.4,-4.1,5.6,0.2,"1,891"
20140127,0.7,-7,8.9,0,"1,941"
20140128,3,-3.1,9.3,0.1,"2,023"
20140129,3,-6.4,11.5,0.7,"2,250"
20140130,6.1,1.5,10.2,1.1,"2,207"
20140131,3.1,-3.1,10.8,0,"2,099"
20140201,7.5,1,13.4,6,"2,123"
20140202,8.9,5.1,14.2,0.4,"2,122"
20140203,1.8,-4.5,7.3,0,"2,119"
20140204,-4.9,-8.1,-0.7,0,"2,104"
20140205,-3.8,-8.1,1.4,0,"2,087"
20140206,-0.5,-4.8,4.5,0.3,"2,123"
20140207,2.6,-1.8,6.7,2.8,"2,122"
20140208,2.2,0.4,4.6,3.2,"2,119"
20140209,0.4,-1.3,3.3,3.2,"2,104"
20140210,0.1,-2.6,3.4,2.2,"2,087"
20140211,0.1,-4.2,5.3,0.6,"2,123"
20140212,0.9,-3.3,6.5,0.4,"2,122"
20140213,1.6,-2.7,6,2.1,"2,020"
20140214,1.9,-1.6,6,0.2,"1,976"
20140215,1.7,-4.1,8.9,0,"1,934"
20140216,2.7,-3.9,10.1,0,"1,915"
20140217,4.1,0.7,8.3,2.5,"1,899"
20140218,2.4,-0.7,5.6,0.5,"1,893"
20140219,1.6,-2.8,6.7,0.1,"1,851"
20140220,1.5,-3.8,7.5,0,"1,797"
20140221,1.1,-4.4,7.9,0,"1,835"
20140222,1.8,-4.5,9.2,0,"1,859"
20140223,2.9,-3.3,10.4,0,"1,831"
20140224,4.2,-2.5,12,0,"1,803"
20140225,5.6,-1.3,13.6,0,"1,814"
20140226,6.2,1.2,11.5,4.1,"1,831"
20140227,8.6,3.4,15.5,0.2,"1,803"
20140228,7.1,3.1,11.8,0.1,"1,814"
20140301,6.6,4,9.8,2.1,"1,831"
20140302,5,0.4,10.5,0.6,"1,806"
20140303,4.3,-2.4,11.6,0,"1,812"
20140304,5.1,-1.1,11.4,0.2,"1,883"
20140305,3.1,-0.7,8,0.7,"1,858"
20140306,1.4,-4.1,6.5,0,"1,899"
20140307,1.3,-3.8,6.3,0,"1,905"
20140308,2.4,-3.2,8.2,0,"1,920"
20140309,2.5,-1.5,7.2,1.3,"1,945"
20140310,2,-4.4,8.8,0,"1,939"
20140311,5,-3.6,13.6,0,"1,950"
20140312,5.8,0.5,9.3,23,"1,953"
20140313,4.2,1.4,7.6,8.8,"1,945"
20140314,3.3,-0.9,8.4,0.3,"1,939"
20140315,6.9,-1.4,14.1,0,"1,950"
20140316,10.6,4.2,18,0,"1,960"
20140317,12.4,3.8,20.1,1.3,"1,796"
20140318,12.6,7.4,18.3,0.5,"1,784"
20140319,9,5.8,12.6,0.1,"1,766"
20140320,6.4,3,10.7,2.7,"1,758"
20140321,5,0.5,10.4,0,"1,764"
20140322,7.6,-1,15.6,0,"1,906"
20140323,10.2,2.4,18.3,0,"1,902"
20140324,11.2,2.2,18.1,0,"1,883"
20140325,14.2,11.2,18.1,9.3,"1,830"
20140326,13.8,9.5,19,8.9,"1,790"
20140327,12.7,6.4,20.6,0,"1,670"
20140328,15.7,7.6,24.1,0,"1,902"
20140329,14.2,11.7,17.2,10.7,"1,883"
20140330,12.7,8.2,18,3.8,"1,830"
20140331,12,5.5,19.8,0,"1,790"
20140401,13.2,5.3,21.8,0,"1,670"
20140402,14.3,6.3,22.6,0,"1,902"
20140403,10.7,5,18.1,4.9,"1,883"
20140404,7,2.8,11.9,0.8,"1,705"
20140405,6.2,1.2,12.3,0.6,"1,683"
20140406,8,2.5,13.9,0,"1,670"
20140407,11.6,3.9,19.2,0,"1,648"
20140408,12.2,3.9,20.7,0,"1,602"
20140409,12.9,4.9,20.9,0,"1,614"
20140410,12.8,7,20.7,0,"1,642"
20140411,12.3,7.8,17.8,0.1,"1,661"
20140412,13.4,9.4,18.1,0.1,"1,658"
20140413,13.5,8.5,19.3,2.4,"1,613"
20140414,13.7,5,22.5,0,"1,595"
20140415,16,7.5,23.6,0,"1,590"
20140416,16.3,11,23,0,"1,661"
20140417,13.4,7.7,20.5,12.5,"1,658"
20140418,13.5,10.2,18.4,0.7,"1,613"
20140419,12.5,9.1,16.3,0,"1,595"
20140420,13.6,8.5,19.9,0,"1,590"
20140421,15,8.3,21.9,0,"1,661"
20140422,14.9,8.6,22,0,"1,658"
20140423,15.4,6.7,24.2,0,"1,613"
20140424,16.6,8.5,25.2,0,"1,595"
20140425,17.1,8.4,25.8,0,"1,567"
20140426,17.1,9.8,23.7,0,"1,524"
20140427,15.6,13.3,18.8,12.1,"1,411"
20140428,13.6,12.4,15.4,27.2,"1,398"
20140429,14.2,12.1,17,23.2,"1,385"
20140430,14.5,11.1,19.3,1.1,"1,354"
20140501,16.3,10,23,0,"1,291"
20140502,17.4,10.1,25.8,0.2,"1,164"
20140503,14.4,9,20.9,0,"1,145"
20140504,13.3,7.6,20.5,1.2,"1,128"
20140505,11.6,6.3,17.2,0.1,"1,111"
20140506,12.7,5.6,19.8,0,"1,108"
20140507,15.3,6.2,22.7,0.3,"1,120"
20140508,15.4,10.6,20.6,2.7,"1,104"
20140509,15.5,8.3,23.4,0,"1,145"
20140510,17.2,9.2,24.7,0,"1,128"
20140511,17.3,11.1,23.2,18.5,"1,111"
20140512,17.9,14.2,22.4,15.6,"1,108"
20140513,20.1,12,27.4,0,"1,120"
20140514,18.5,14.4,23.6,1.6,"1,104"
20140515,18.6,14,24.5,0,"1,145"
20140516,19,11.7,26.1,0,"1,122"
20140517,18.7,12.1,25.9,0,"1,119"
20140518,18.6,11.6,25.8,0,"1,124"
20140519,19.4,11.8,26.8,0,"1,124"
20140520,18.4,14.8,23,4.5,"1,124"
20140521,18.4,13.2,24.7,0,"1,087"
20140522,19.5,12.7,27,0,"1,076"
20140523,19.2,15.4,24.1,0,"1,052"
20140524,21.8,15.4,28.6,0,"1,039"
20140525,20.5,17.6,25,7.7,"1,010"
20140526,20.5,15.3,26,2.3,959
20140527,22,13.5,29.5,0,963
20140528,21.6,16,28.4,1.2,958
20140529,22.8,15.5,31.1,0,"1,011"
20140530,23.6,15.2,32.1,0,959
20140531,24.3,16.3,32.4,0,963
20140601,23.9,18.3,29.9,0,958
20140602,20.9,18,24.2,5.9,"1,012"
20140603,19.1,17.2,21.3,19.8,960
20140604,21.1,18.3,25.3,3.1,958
20140605,20.7,18.2,23.8,1.2,984
20140606,21.4,16.5,27.4,0,988
20140607,21,15.8,26.6,0.2,"1,005"
20140608,20.6,17.9,25,0.7,"1,009"
20140609,20.9,17.9,25.4,0.9,"1,041"
20140610,21,18,25.4,4,"1,059"
20140611,20.4,17.6,25.2,4.8,"1,066"
20140612,19.4,16,24.3,7.2,"1,081"
20140613,20.3,16.3,25.4,1,"1,009"
20140614,22.1,16.7,28.2,0,"1,041"
20140615,22.6,17,28.7,0,"1,059"
20140616,23.3,17.4,29.6,0,"1,066"
20140617,22,19.2,26.1,1.9,"1,137"
20140618,22.5,17.9,28.3,0.3,"1,137"
20140619,22.6,18,27.9,0.3,"1,133"
20140620,22.2,18.3,26.7,1.4,"1,136"
20140621,21.3,19.2,24.3,2.3,"1,133"
20140622,21.9,18.4,26.5,5.9,"1,102"
20140623,21.1,18.3,26,12.4,"1,085"
20140624,21.8,18,27,2.5,"1,068"
20140625,22.8,18,28.4,0,"1,024"
20140626,23.7,19,29.3,0,"1,015"
20140627,24,18.8,29.9,0,957
20140628,24,19.9,29.3,0.8,936
20140629,23.4,18.9,28.4,0,915
20140630,23.7,19.4,29.5,1.7,894
20140701,24.6,19.5,31.1,1.5,873
20140702,23.1,20.1,27.5,7.7,942
20140703,21.3,19.5,23.5,25.8,922
20140704,23.6,20.2,28.7,0.9,913
20140705,23.1,19.5,27.3,0.8,823
20140706,21.5,19.5,24.1,8,816
20140707,23.3,19,28,0.9,806
20140708,25,21.5,29.1,4.2,803
20140709,26.1,23.4,30.4,7.2,794
20140710,26.9,23.2,32,0,779
20140711,26.5,21.5,32.4,0,780
20140712,24.7,20.8,29.2,0.9,788
20140713,24,20.9,28.4,8,787
20140714,25.6,21.3,31.1,0,794
20140715,24.4,21.3,28.5,2,779
20140716,25.2,21.5,29.9,2.4,780
20140717,24.3,21.7,27.6,7.7,784
20140718,24.6,21.8,29,18.6,764
20140719,25.9,22.5,31,9.2,764
20140720,26.6,22.7,31.9,0.1,765
20140721,26.7,22.4,31.7,0,764
20140722,26.6,23.3,30.6,2.1,758
20140723,26.1,23.2,29.7,10.7,783
20140724,26.5,23.1,31.2,11.7,790
20140725,27.9,24.2,32.6,8.8,794
20140726,25.6,21.6,29.5,1.8,789
20140727,23.8,19.1,29.8,0.2,806
20140728,23.5,18.8,28.7,3.3,754
20140729,24.5,20.6,29.4,2.7,758
20140730,27.4,22.3,33,0,783
20140731,27.7,23.8,34.2,5.5,790
20140801,27.7,23.4,32.5,2.4,794
20140802,27,24,30.6,46,789
20140803,25.2,23.7,27.2,35.2,806
20140804,24.9,23.7,27,9.1,754
20140805,26.9,23.8,31.5,1.2,758
20140806,26,22.9,29.9,5.8,783
20140807,23,21.2,26,17.6,790
20140808,23.6,20.4,27.4,3.9,776
20140809,24.5,20.8,28.4,1.9,824
20140810,23.4,20.6,28,21.6,853
20140811,23.5,19.3,28.7,0.4,"1,208"
20140812,24.7,19.9,30.4,0,"1,208"
20140813,23.1,20.7,26.7,2.5,"1,219"
20140814,21,19.5,22.8,18.2,"1,214"
20140815,23.4,20.3,27.8,3.6,"1,229"
20140816,24.3,20.7,29.4,0.2,"1,204"
20140817,22.7,20.4,25.9,19.6,"1,368"
20140818,21.6,19.8,23.9,56.9,"1,373"
20140819,22.9,21.1,26.1,12.2,"1,382"
20140820,23.4,21.5,26.3,13.3,"1,219"
20140821,23.8,21.5,27.4,37.7,"1,214"
20140822,24.4,20.4,29.5,0.9,"1,229"
20140823,24.5,20.6,29.8,0,"1,204"
20140824,24.2,21.1,28.4,5.7,"1,368"
20140825,23.4,21.9,25.8,40.1,"1,373"
20140826,24.2,21.3,28.6,5.6,"1,382"
20140827,22.6,19.8,26.1,1.8,"1,394"
20140828,22.1,18.8,26.6,1.2,"1,396"
20140829,22.1,18.4,27.2,4.1,"1,397"
20140830,21.9,17.3,27.5,0,"1,399"
20140831,21,16.8,26.2,0,"1,398"
20140901,22.2,16.8,28.3,0.1,"1,482"
20140902,21.4,18.1,25.4,7,"1,529"
20140903,21.5,19,24.4,31.7,"1,588"
20140904,22.8,18.6,28.1,0.4,"1,628"
20140905,23,17.7,29.7,0,"1,651"
20140906,22.6,18.7,28.8,0.6,"1,683"
20140907,22.9,17.7,29.4,0,"1,690"
20140908,23.2,18.8,29.4,0,"1,588"
20140909,22.2,17.5,28.2,0,"1,628"
20140910,21.1,16,27.6,0,"1,651"
20140911,21.5,15.8,28.2,0,"1,683"
20140912,20.9,17.5,25,0.3,"1,690"
20140913,21.5,16.8,27.3,0.2,"1,588"
20140914,20.8,15.4,26.9,0,"1,628"
20140915,21.7,17.7,27.6,0.1,"1,651"
20140916,21.3,16.4,27.1,0,"1,683"
20140917,20,17.1,24.3,2.4,"1,685"
20140918,19.5,15.3,24.9,0.1,"1,483"
20140919,18.6,13.5,25.1,0,"1,287"
20140920,19.1,12.7,26.6,0,"1,261"
20140921,19.2,13.6,26.1,0.1,"1,015"
20140922,20,13.4,27.4,0,964
20140923,20.6,15.1,26.5,8.2,954
20140924,19.2,17.1,21.7,61.6,932
20140925,20.2,16,26.2,0.3,919
20140926,19.9,16.1,25,0.4,883
20140927,20.2,15.1,26.3,0.1,844
20140928,20.9,16.3,26.8,0.1,851
20140929,19.9,18,22.1,4.9,954
20140930,18.6,15.6,23.2,1.1,932
20141001,18.3,14.9,23.3,0,919
20141002,18.6,14.5,23.5,2.3,883
20141003,17.2,12.7,21.8,0.2,844
20141004,16.5,11.3,22.4,0.3,851
20141005,16.2,10.9,22.2,0,954
20141006,15.3,9.9,21.8,0,843
20141007,15,8.9,22.7,0,833
20141008,15.4,9.2,23.2,0,796
20141009,16.4,10.2,24.3,0,822
20141010,18,10.5,25.6,0,845
20141011,18.5,13.4,24.9,0,887
20141012,17.8,12.6,22.5,0.9,869
20141013,16.4,11.4,20.4,14,923
20141014,12.9,7.9,19.6,0,953
20141015,12.7,6.7,20.2,0,951
20141016,12.9,7.5,19.7,1.4,936
20141017,12,4.7,21,0,948
20141018,13,5.7,22.5,0,869
20141019,15.1,7.1,22.8,0,923
20141020,16.6,14.1,18.6,18.4,953
20141021,15.9,13.2,18.8,41.6,951
20141022,13.2,9.7,16.8,13.7,936
20141023,12.5,7.7,19.3,0,948
20141024,13.8,8.3,21.5,0,967
20141025,14.6,9.3,23.1,0,971
20141026,15.5,8.9,22.6,0.1,961
20141027,12.5,6.8,18.5,0,"1,018"
20141028,10,3.4,19.2,0,991
20141029,11.2,4.6,20,0,978
20141030,12.8,6.2,19.9,0,991
20141031,12.9,11.1,15.1,23.6,996
20141101,15.1,12.5,18.3,1.9,993
20141102,12.3,8.7,15.6,2,995
20141103,8.8,3.6,14.2,0,"1,021"
20141104,9.2,2.6,17.8,0,"1,051"
20141105,10.3,3.4,18.6,0,"1,093"
20141106,12.3,7.5,18.9,0.1,"1,135"
20141107,10.3,5.5,16.2,2.4,"1,177"
20141108,11.2,7.7,15.4,0.5,"1,219"
20141109,10.8,5.3,16.6,0,"1,261"
20141110,8.6,2.6,17.2,0,"1,303"
20141111,9,2.3,16.2,0.4,"1,345"
20141112,8.6,3.3,12.9,2.2,"1,241"
20141113,2.8,-0.3,6.4,0.1,"1,322"
20141114,5.2,-0.5,11.3,0.2,"1,448"
20141115,5.6,0.2,11.9,0,"1,502"
20141116,7.7,3.2,14,0.2,"1,509"
20141117,7.1,2.9,12,0.5,"1,611"
20141118,5.4,0.6,12,0,"1,604"
20141119,4.8,-1.7,13.1,0,"1,624"
20141120,6.2,-0.2,14.8,0,"1,608"
20141121,8.1,1.4,16.2,0,"1,589"
20141122,9.3,3.7,15.8,1,"1,493"
20141123,8.9,4.1,13.9,0,"1,425"
20141124,9.7,8.1,11.5,28.1,"1,608"
20141125,10.2,7.4,13.3,1.7,"1,589"
20141126,9.4,5.5,14.9,0.1,"1,493"
20141127,8.5,3.6,15.9,0,"1,404"
20141128,9.5,5.2,12.6,5.9,"1,394"
20141129,10.3,6.6,15,0,"1,363"
20141130,9.9,6.8,11.9,9.5,"1,281"
20141201,2.7,-3.1,10.7,1.8,"1,258"
20141202,-2.6,-5.1,0.6,0.7,"1,258"
20141203,0.7,-4.4,4.1,2.3,"1,258"
20141204,-0.4,-3.4,3.1,1.6,"1,387"
20141205,-3.1,-5.9,0.5,1.3,"1,496"
20141206,-2.3,-6.3,1.9,0.2,"1,509"
20141207,-1.4,-5.1,3.5,0,"1,258"
20141208,0.2,-3.8,5.2,1.9,"1,387"
20141209,-0.9,-6.1,5.8,0,"1,496"
20141210,3.3,-2.3,7.8,0.4,"1,509"
20141211,2.5,-1.9,6.1,0.2,"1,520"
20141212,-0.2,-3.4,3.6,1,"1,543"
20141213,-2.3,-5.2,0.8,0.7,"1,604"
20141214,-1.6,-6.9,3.4,0,"1,610"
20141215,2,-2.6,5.8,2.2,"1,626"
20141216,-1.1,-6,4.2,5,"1,683"
20141217,-6,-8.7,-3.2,1.9,"1,713"
20141218,-5.3,-10.1,0.4,0,"1,875"
20141219,-2.1,-9.2,3.1,0.6,"1,923"
20141220,0.8,-3.4,5.1,2,"1,958"
20141221,-3.3,-7,1.3,0.7,"1,966"
20141222,-2.5,-8,2.7,0.5,"1,713"
20141223,0.1,-5.9,5.9,0,"1,875"
20141224,3.4,-1.1,9,0.2,"1,923"
20141225,-0.3,-3.9,4.3,0,"1,958"
20141226,-2.1,-6.8,4.1,0,"1,966"
20141227,-1.1,-6.7,7.1,0,"1,973"
20141228,-0.1,-5.6,5.1,0,"2,013"
20141229,2.7,-1.7,8,0,"2,022"
20141230,3.5,-1.7,9.9,0,"2,005"
20141231,0.1,-4.1,4.7,0.9,"1,892"
20150101,-4.9,-7.4,-1.9,0.5,"1,974"
20150102,-3.8,-7.6,0.8,0.3,"2,013"
20150103,-2.3,-9.3,4.3,0,"2,022"
20150104,2.4,-2.6,9.8,0,"2,005"
20150105,3.8,-2.7,10.1,4.1,"1,893"
20150106,1.8,-3.3,7.1,4.7,"1,975"
20150107,-3,-6.5,1.6,0,"1,756"
20150108,-2.5,-7.8,3.3,0,"1,749"
20150109,-0.2,-5.1,4.9,0,"1,721"
20150110,1,-4.2,6.7,0,"1,714"
20150111,1,-3.3,6,0.1,"1,682"
20150112,-1.7,-6.5,4.8,0,"1,664"
20150113,0.4,-6.5,7.9,0,"1,683"
20150114,2.7,-0.2,5.9,0.4,"1,675"
20150115,3.1,-1.3,9.1,0.2,"1,675"
20150116,1.5,-2.6,5.3,0.3,"1,727"
20150117,-0.9,-4.6,3.1,0,"1,710"
20150118,0,-6.8,5.8,1.3,"1,664"
20150119,2.7,-1.3,6.4,0.4,"1,683"
20150120,0.4,-5.3,6.8,0,"1,675"
20150121,2.9,-0.6,6.5,3.1,"1,675"
20150122,3.1,0.5,6.3,1.9,"1,727"
20150123,1.4,-2.7,6.8,0,"1,710"
20150124,2.6,-1.9,8.8,0,"1,664"
20150125,3.7,-1.3,7.8,3.8,"1,683"
20150126,5.6,2.7,9.1,1.7,"1,707"
20150127,0.5,-3.7,4.6,0.3,"1,731"
20150128,-2.1,-6,3.5,0.3,"1,745"
20150129,0.3,-3.6,3.7,1.4,"1,791"
20150130,0,-3.6,3.6,0.2,"1,812"
20150131,-2.7,-6.9,2.6,0,"1,822"
20150201,-1.9,-8,5.5,0,"1,831"
20150202,-0.2,-5.5,7.3,0,"1,856"
20150203,0.7,-5.1,7.9,0,"1,914"
20150204,0.9,-3.4,6.1,0,"1,936"
20150205,0.9,-2.9,5.4,0.3,"1,984"
20150206,1.3,-3.6,7.4,0,"2,080"
20150207,2.2,-2.6,7.1,0,"2,161"
20150208,-4.8,-8.3,2.5,0,"1,914"
20150209,-3.9,-10.7,1.2,0.1,"1,936"
20150210,3,-2.2,8.1,0,"1,984"
20150211,4,-1.2,9.7,0,"2,242"
20150212,0.6,-3.2,4.8,0,"2,323"
20150213,-0.7,-6.4,5.2,0,"1,914"
20150214,2.2,-4.8,9.2,0,"1,936"
20150215,6.1,-0.2,11,3.8,"2,312"
20150216,5.1,3.8,6.8,10,"2,341"
20150217,3.6,1.7,6.4,0.3,"2,327"
20150218,2.3,0.6,4.8,0.1,"2,314"
20150219,2.3,-2.1,8.3,0.2,"2,316"
20150220,4.2,-3.2,10.9,0,"2,347"
20150221,6.4,3.9,8.5,7.9,"2,355"
20150222,6.3,1.7,11.3,1,"2,365"
20150223,3.2,-0.2,8.6,0,"2,365"
20150224,3.4,-0.9,9.6,0,"2,278"
20150225,5.2,-0.4,11.2,0.1,"2,203"
20150226,3.6,-1.1,8.2,0.2,"2,112"
20150227,-0.3,-3.7,4.1,0,"2,365"
20150228,2,-3.7,6.8,1.6,"2,278"
20150301,3.2,0.5,7.1,0.9,"2,203"
20150302,3.5,-3,10.5,0,"2,112"
20150303,3.6,0.5,7.6,2.8,"2,365"
20150304,0.2,-2.8,4.3,0,"1,955"
20150305,0.5,-5.6,6.8,0,"1,903"
20150306,3,-3.5,10.5,0,"1,822"
20150307,4.3,-2.4,12.2,0,"1,767"
20150308,6.4,-2.3,14.6,0,"1,746"
20150309,4.5,-3.3,11.3,0.1,"1,727"
20150310,-1.6,-5.4,2.7,0,"1,730"
20150311,2.5,-3.3,8.1,0,"1,640"
20150312,3.5,-2.9,9.5,0,"1,635"
20150313,5.6,0.1,10.9,1.2,"1,609"
20150314,4.8,-2,11.7,0,"1,621"
20150315,6.4,-1.5,15.2,0,"1,634"
20150316,9.3,0.7,19.1,0,"1,646"
20150317,11.7,3,20.2,0,"1,633"
20150318,9.6,7.8,12.3,31.8,"1,629"
20150319,11.4,6.8,18.3,0.5,"1,591"
20150320,12.1,7.1,19.6,0,"1,646"
20150321,11.9,5.1,19.4,0,"1,633"
20150322,9.7,3.8,16.8,0,"1,629"
20150323,5.5,-0.3,11.5,0,"1,591"
20150324,4.9,-1.6,12.1,0,"1,646"
20150325,5.9,-2.4,14.2,0,"1,520"
20150326,8.1,-0.8,17,0,"1,515"
20150327,9.6,1.3,18.3,0,"1,507"
20150328,11.1,1.5,19.3,0,"1,496"
20150329,12,6.2,19.1,0,"1,480"
20150330,13.1,4.7,21.3,0,"1,470"
20150331,12.8,8.3,15.5,3.1,"1,449"
20150401,11.7,9.2,15.9,1.9,"1,437"
20150402,13.4,8.4,19.5,7.7,"1,392"
20150403,12.9,9,18.8,9,"1,376"
20150404,11.1,7.7,16.2,17.8,"1,339"
20150405,10,8.4,11.7,3,"1,366"
20150406,10.4,7.4,13.3,4.2,"1,371"
20150407,7.5,5.1,10.8,0.9,"1,392"
20150408,7.9,4.3,12.4,0.3,"1,376"
20150409,9,3.4,15.1,0,"1,339"
20150410,10.5,3.4,18.2,0,"1,366"
20150411,11.4,3.5,19.5,0,"1,374"
20150412,11.9,5.2,17.9,0.6,"1,223"
20150413,10.4,8.1,13.2,7.5,"1,232"
20150414,8.6,6.1,12.5,10.2,"1,247"
20150415,12,5.9,18.8,1,"1,281"
20150416,11.6,6,20.4,2.7,"1,300"
20150417,11.4,3.6,19,0,"1,483"
20150418,13.7,4.7,21.7,2.4,"1,532"
20150419,14.2,11.3,17.2,14.2,"1,551"
20150420,11.5,8.1,14.6,11,"1,549"
20150421,12.8,5.7,20.9,0,"1,563"
20150422,13.8,7.1,20.9,0,"1,300"
20150423,14.4,5.9,22.3,0,"1,483"
20150424,15.6,8.7,22.9,0,"1,532"
20150425,15.7,6.7,24.2,0,"1,551"
20150426,18.2,8.5,26.9,0,"1,549"
20150427,18.7,11.2,26.6,0,"1,563"
20150428,17.6,10.9,23.9,8.2,"1,300"
20150429,15.8,14,18.2,23.2,"1,483"
20150430,17.9,13.1,24,0.2,"1,532"
20150501,19.2,12.8,26.3,0,"1,431"
20150502,19.8,13.5,26.2,1.9,"1,411"
20150503,17.6,15.8,20.2,12.9,"1,374"
20150504,16.4,10.5,21.9,0,"1,317"
20150505,14.2,5.9,21.9,0,"1,265"
20150506,14.9,7.7,22.1,0,"1,147"
20150507,16.3,8.7,24.1,0,"1,114"
20150508,16.9,9.2,23.4,0,"1,095"
20150509,17.7,12.9,24.1,0.2,"1,083"
20150510,16.7,10.8,23.5,0,981
20150511,16.8,11.7,21.9,23.8,989
20150512,15.8,12.2,19.8,9,997
20150513,19.6,12.5,25.7,0,1005
20150514,20.7,13.6,26.9,0,1013
20150515,19.1,15.3,23.9,1.3,1021
20150516,18,11.7,25.3,0,1029
20150517,18,9.8,26.1,0,1037
20150518,16.3,12.8,20.4,4,1045
20150519,17.9,12.8,24.2,0.7,980
20150520,16.7,11.3,22.5,0,989
20150521,18.7,10.1,26.5,0,989
20150522,20.7,14,27.7,0,989
20150523,20.2,14.1,27.3,0,916
20150524,20.3,12.5,28.3,0,908
20150525,20.2,12.2,28.3,0,900
20150526,21.8,13.1,30.9,0,890
20150527,21.4,12.8,30,0,887
20150528,21.7,15.5,29.2,0,873
20150529,22.5,14.6,29.6,0,859
20150530,19.1,15.8,23,2.7,877
20150531,20.4,14.5,27.7,0,875
20150601,21.8,14.2,29,0,887
20150602,21.7,17.2,27.2,0.4,873
20150603,21.7,16.4,27.7,0,859
20150604,21.6,12.9,29.3,0,877
20150605,16.9,13.3,21.2,3.2,875
20150606,19.1,12.3,26.1,0,887
20150607,20.9,15,27.6,0,880
20150608,20.2,15.8,24.7,1.3,872
20150609,21.7,16.3,27.9,0,858
20150610,23.7,16.5,31.2,0,820
20150611,21.8,17.9,25.6,1.7,787
20150612,23.2,18.1,29.6,0.7,796
20150613,22.6,17.5,28.4,0.7,787
20150614,21.8,17.4,27.3,5.1,787
20150615,23,19.2,28.4,0,795
20150616,22.6,19.2,28.5,1.1,786
20150617,21.4,18.2,25.9,2.9,790
20150618,22.5,18.1,27.8,0.8,787
20150619,22.4,18.4,27.8,2.2,787
20150620,19.4,17.4,22.3,12.2,795
20150621,21.2,17,26.8,0.1,784
20150622,22.3,17.3,28,0.2,787
20150623,23.1,18.2,29,0.1,792
20150624,22.5,19.2,27.2,3.4,795
20150625,21.8,18.9,25.9,14.6,796
20150626,20.9,18.8,23.8,32.4,804
20150627,21.6,18.4,25.8,0.7,815
20150628,22.1,17.9,27.2,0,863
20150629,23.5,18.5,29.1,0.2,869
20150630,21.4,19,25.5,11.5,870
20150701,22.6,18.4,28.1,0.9,886
20150702,22.4,17,28.2,0.2,891
20150703,22.3,17.6,28,0.5,902
20150704,21.2,15.8,26.7,0,863
20150705,21.8,17,27.4,0.4,869
20150706,22.2,17.9,27.2,0.2,870
20150707,20.1,17.7,23.1,13.3,886
20150708,21,18.4,23.6,23,895
20150709,22.8,20.2,26.2,19.1,885
20150710,25,20.6,30.3,0,881
20150711,25.9,22,31.1,9.2,877
20150712,24.2,22.8,26.1,44.8,865
20150713,23.9,21.8,26.7,3.6,853
20150714,25.4,21,30.8,0.1,861
20150715,25,20.7,31.2,1,861
20150716,22.9,19.4,27.1,0,858
20150717,21.6,17.8,25.7,0.3,829
20150718,23,20.1,27.1,0.1,823
20150719,24,20.2,28.6,1.5,853
20150720,24.3,21.9,27.6,2.7,861
20150721,24.6,22.1,28.3,4.1,861
20150722,25.7,23,29.9,2.8,858
20150723,25.9,23.6,29.4,13,829
20150724,25.6,24.1,27.6,17.4,823
20150725,26.5,24,29.6,8.8,853
20150726,27,22.4,32.4,3.8,846
20150727,26.6,23.5,30.4,1.8,880
20150728,27.4,24.1,32,0.6,914
20150729,27.3,24.3,31.1,7.1,"1,013"
20150730,28.7,24.7,33.7,0,"1,024"
20150731,28.3,24.5,33.6,0.2,"1,026"
20150801,27.6,23.8,32.9,1,"1,015"
20150802,27,23.5,31.5,5.1,"1,021"
20150803,28.1,24.2,33.1,0,"1,035"
20150804,28,23.3,33.3,0,"1,066"
20150805,28,23.6,33.7,0,"1,103"
20150806,28.4,23.4,34.3,0,"1,026"
20150807,28.5,23.4,34.8,2.2,"1,015"
20150808,27.1,23.6,33.8,6.8,"1,021"
20150809,26.8,22.7,32.3,0,"1,035"
20150810,26.4,22.7,31.5,0,"1,172"
20150811,25.1,21.3,29.2,6.7,"1,244"
20150812,23.8,20.4,27.9,5.1,"1,373"
20150813,24.8,21,30.5,6.9,"1,493"
20150814,25.1,20.8,30.8,1.1,"1,566"
20150815,25.9,21.2,31.6,0,"1,542"
20150816,24.8,21.4,29.7,6.9,"1,482"
20150817,25.1,20.5,30.9,1,"1,268"
20150818,25.2,21.3,30,0,"1,196"
20150819,25,21.4,29,0,"1,157"
20150820,24.1,22,27.3,5,"1,165"
20150821,23.6,21.1,28.3,26.6,"1,542"
20150822,24.3,21.1,28.6,0.3,"1,482"
20150823,24.9,21.4,29.8,0.1,"1,268"
20150824,24.7,22.1,27.9,3.1,991
20150825,21.5,19.7,24,26.8,983
20150826,22.2,18.7,26.9,0.4,960
20150827,23.2,18.3,28.7,1.4,948
20150828,23,18.8,28.7,2.5,967
20150829,22.9,18.8,28.7,0,"1,089"
20150830,23.2,18.3,29.1,0.4,"1,006"
20150831,23.9,19.3,29.1,1.8,974
20150901,23.6,20.8,27.9,5,966
20150902,22.8,20,27.4,9.6,985
20150903,22.9,19.2,28.1,1.8,"1,026"
20150904,23.3,18.8,29,0,"1,007"
20150905,21.7,19.4,25.6,9.4,974
20150906,20.9,18,24.6,6.6,966
20150907,20.7,15.9,26.4,0.1,985
20150908,20,14.3,26.2,0,"1,027"
20150909,20.3,13.6,27.1,0,"1,008"
20150910,20.6,14.2,27.3,0,974
20150911,21,15.7,26.6,1.5,"1,023"
20150912,18.8,15.5,22.1,3.8,"1,046"
20150913,18.6,13.5,25.1,0,"1,046"
20150914,19.1,12.8,26.4,0,"1,053"
20150915,19.3,13.3,25.7,0,"1,128"
20150916,18.9,13.2,24.1,1.6,"1,131"
20150917,19.3,15.2,24.2,4.4,"1,134"
20150918,20.1,14.6,26.3,0,"1,135"
20150919,20.1,15.2,26.7,0,"1,123"
20150920,20.1,14.8,26.6,0,"1,287"
20150921,20.6,15.1,27.9,0,"1,281"
20150922,20.6,14.8,28,0,"1,215"
20150923,19,15.6,22.5,8.4,"1,135"
20150924,20.7,16.5,25.7,1.2,"1,123"
20150925,20.6,16.3,26.3,0,"1,287"
20150926,20.1,15.4,26.5,0,"1,281"
20150927,19.7,13.7,27.6,0,"1,215"
20150928,20.5,13.1,28.6,0,"1,135"
20150929,20.7,14.4,27,0,"1,123"
20150930,19.3,16.7,23.1,1.7,"1,287"
20151001,18.1,14.5,22.6,37.4,"1,210"
20151002,15.9,8.9,21.9,0,"1,167"
20151003,18.2,11.9,24.9,0,"1,158"
20151004,16.5,11,23.6,0,"1,151"
20151005,16.7,11,24.4,0,"1,137"
20151006,16.8,10.1,25.4,0,980
20151007,17.2,10.8,24.8,0,944
20151008,17.5,12.5,24.4,0.1,913
20151009,16,10.2,21.4,0.4,887
20151010,13.7,7.6,20.7,4.8,903
20151011,12.7,8.6,17,2.2,898
20151012,13.4,9.4,18.5,0.5,853
20151013,14.4,7.5,21.8,0,887
20151014,15.5,9.5,23.3,0,903
20151015,15.7,9.9,23.8,0,898
20151016,15.8,10.4,23.5,0,853
20151017,16.1,10.2,24.8,0,887
20151018,16.2,9.6,25.2,0,856
20151019,16.4,10.7,23.5,0.1,867
20151020,16.8,11.5,24.1,0,881
20151021,16.9,11.8,23.9,0.2,922
20151022,16.3,12.3,21.6,0.3,960
20151023,16.3,12.3,22,0,960
20151024,16.2,11.3,22.3,1.2,960
20151025,14.7,9.6,21,0,"1,003"
20151026,14.4,9.1,19.8,0.4,986
20151027,13.4,9.7,17.8,16.3,987
20151028,11.4,5.9,17.2,0,993
20151029,10.5,5.4,16.3,0.4,986
20151030,8,3.6,12.8,0,907
20151031,6.3,0.7,13.2,0,986
20151101,6.7,0.9,11.2,0.1,987
20151102,10.1,4.6,16.4,0.2,993
20151103,10.8,4.9,19,0,986
20151104,10.9,3.8,20,0,907
20151105,12.9,7.1,20.7,0,986
20151106,13.5,8,19.2,2.6,987
20151107,13.2,11.7,14.5,28,966
20151108,13.7,12.5,15.1,13.8,"1,002"
20151109,12.7,10.8,15.5,3.2,"1,012"
20151110,11.1,7.6,15.3,0.2,"1,031"
20151111,11.5,6.8,17.1,2,"1,080"
20151112,13.7,9.1,18.1,0.6,"1,127"
20151113,12.1,10.9,13.9,24.4,"1,162"
20151114,13.8,12,16.2,5,"1,165"
20151115,13.5,9.6,18.3,0,"1,172"
20151116,12.6,8.9,15.8,10.7,"1,171"
20151117,14.3,12.3,17.1,0.5,"1,197"
20151118,11.6,9.4,14.2,7.9,"1,240"
20151119,10.2,8.6,12.1,0.9,"1,283"
20151120,11,7.6,15.9,0.1,"1,326"
20151121,9.6,5.9,13.5,0.1,"1,369"
20151122,11.3,7.3,15.5,4.6,"1,280"
20151123,10.9,9.2,12.7,6.6,"1,278"
20151124,8.5,6,11.2,2.8,"1,326"
20151125,5.6,3.8,7.6,9,"1,401"
20151126,0.9,-1.1,4.5,3.3,"1,457"
20151127,1.1,-1.9,4,0.6,"1,463"
20151128,3.2,0.1,7.2,0,"1,524"
20151129,5.2,1.6,9.6,0.8,"1,551"
20151130,6.4,1.5,11.6,0.2,"1,584"
20151201,4.7,-0.9,12.1,0,"1,630"
20151202,7.3,2.9,11.3,5.7,"1,672"
20151203,3,-0.3,6.5,3,"1,584"
20151204,2.8,-0.6,5.7,0.5,"1,630"
20151205,5.5,2.1,8.7,0,"1,672"
20151206,3.2,-0.7,8.3,0,"1,708"
20151207,3.5,-2.5,9.9,0,"1,948"
20151208,4.6,0,11.1,0,"2,140"
20151209,6.2,-0.4,13.2,0,"2,140"
20151210,8.7,6.6,10.6,14.1,"2,140"
20151211,7.6,3.8,10.9,3.7,"2,169"
20151212,5.5,1.1,10.8,0,"2,129"
20151213,6.5,2.6,12.5,0,"2,121"
20151214,6.9,4.2,8.7,3.9,"2,081"
20151215,7.2,4.7,9.9,0.5,"2,054"
20151216,1.7,-1.6,5.5,2.4,"1,852"
20151217,-2,-4.8,1.4,0.3,"1,855"
20151218,-0.5,-6,4.7,0,"2,129"
20151219,1.4,-3,8.4,0,"2,121"
20151220,2.1,-2.5,6,0.8,"2,081"
20151221,4.3,0.5,9.3,1.5,"2,054"
20151222,4.1,-1.1,9.6,0.1,"1,858"
20151223,6.3,3.8,9,1.9,"1,861"
20151224,4.2,0.8,8.7,0,"1,837"
20151225,1.4,-2.6,5.8,0,"1,828"
20151226,3.8,-2.1,9.8,0.2,"1,832"
20151227,-0.8,-4.6,3.7,0,"1,906"
20151228,-2.4,-6.4,2.2,0,"1,889"
20151229,-1.4,-6.7,4.8,0,"1,880"
20151230,0.9,-5.2,7.4,1.1,"1,869"
20151231,2,-1.7,6.3,0.3,"1,861"
20160101,1.7,-3.9,7.3,0,"1,828"
20160102,5.1,0.3,11.5,0,"1,832"
20160103,5.9,1,12.9,0,"1,906"
20160104,5.3,0.1,10.1,0,"1,889"
20160105,0.6,-2.4,4.4,0.5,"1,880"
20160106,0.7,-4.2,5.4,0,"1,869"
20160107,0.4,-2.6,4.3,0,"1,861"
20160108,-0.5,-3.8,3.9,0,"1,828"
20160109,0.7,-3.8,5.5,0,"1,805"
20160110,1.7,-2.8,6.7,0,"1,791"
20160111,-0.7,-4.4,4.3,0,"1,789"
20160112,-2.1,-7.1,3.7,0,"1,641"
20160113,-1.2,-4.9,2.3,0.8,"1,638"
20160114,-1.1,-5.5,3.3,0.1,"1,650"
20160115,-0.2,-5.3,6.2,0.1,"1,650"
20160116,0.8,-4,7.3,0,"1,647"
20160117,2.1,-1.3,5.6,3.3,"1,676"
20160118,-2,-7.3,3.1,0.9,"1,682"
20160119,-7.5,-9.7,-4.6,0.8,"1,702"
20160120,-6.9,-10.9,-2.3,0,"1,641"
20160121,-4.7,-8.4,0,0,"1,638"
20160122,-4.2,-9.3,0.7,0,"1,650"
20160123,-7,-11.3,-3.5,1.2,"1,650"
20160124,-10.8,-14.2,-7.4,1.5,"1,647"
20160125,-6.6,-12.4,-1.3,0.3,"1,676"
20160126,-1.7,-7,3.5,0.1,"1,682"
20160127,0.2,-4.8,6.1,0,"1,702"
20160128,0.3,-4.6,3.6,6.7,"1,746"
20160129,2.3,0.3,4.4,8.2,"1,780"
20160130,2.2,-1.2,6.4,0.6,"2,014"
20160131,-0.5,-3.2,2.9,0,"2,024"
20160201,-2.9,-6.2,1.7,0,"2,089"
20160202,-3.4,-8.6,2.7,0,"2,168"
20160203,-1.8,-8.3,4.9,0,"2,208"
20160204,0.4,-4.8,5.9,0,"2,374"
20160205,-0.2,-5,5.4,0,"2,376"
20160206,-1.4,-5.6,3.3,0.5,"2,398"
20160207,-1.8,-8,5,0,"2,436"
20160208,1.7,-5.7,7.4,0.2,"2,479"
20160209,2.6,-2.2,7.5,0,"2,515"
20160210,2.2,-4.9,10.8,0,"2,565"
20160211,6.8,-1.2,13.7,0.2,"2,410"
20160212,9.7,6.9,12,20.7,"2,398"
20160213,11.7,7.1,16.2,11.4,"2,436"
20160214,1.1,-3,9.5,0.8,"2,479"
20160215,-3.1,-6,0.1,0.2,"2,515"
20160216,-0.1,-4.4,4,0.5,"2,565"
20160217,1.2,-4.1,6.5,0,"2,410"
20160218,3.6,-2.9,9.7,0.1,"2,398"
20160219,4.5,-0.2,8.9,0,"2,436"
20160220,3.5,-0.6,8.7,0,"2,292"
20160221,1,-3.6,6,0,"2,202"
20160222,2.7,-1.5,6.5,0,"2,149"
20160223,3.3,-1.3,8.5,0.2,"2,137"
20160224,-1,-4.7,3.4,0.6,"1,962"
20160225,0.3,-5.9,6,0,"1,955"
20160226,2.8,-2.3,7.3,0.8,"1,960"
20160227,5.2,1.2,10.6,1.4,"1,920"
20160228,4,-0.5,10.5,5.8,"1,900"
20160229,-1.8,-4.8,1.3,0.3,"1,853"
20160301,-1.4,-7.3,4.3,0,"1,837"
20160302,3.2,-3.8,10.4,0,"1,834"
20160303,7.2,-0.1,15.2,0,"1,817"
20160304,9.4,4.5,13.7,9.7,"1,669"
20160305,11.8,8.2,15.5,27.9,"1,644"
20160306,10.3,5.3,15.6,2.5,"1,853"
20160307,8.9,3.4,14.9,0,"1,837"
20160308,5.9,2.4,9.3,2.8,"1,834"
20160309,3.1,0.3,8.2,2,"1,817"
20160310,1.3,-1.9,5.7,0.1,"1,669"
20160311,0.7,-3.9,5.8,0,"1,636"
20160312,2.5,-4.2,8.7,0,"1,628"
20160313,4.3,1,8.4,0.2,"1,637"
20160314,4.2,-0.5,10,0,"1,516"
20160315,5.6,-2.5,13.3,0,"1,625"
20160316,8.8,3,16.4,0,"1,675"
20160317,10.2,0.9,18.3,0.1,"1,688"
20160318,11.2,7.9,15.4,9.3,"1,691"
20160319,10.4,5.2,16.8,0,"1,806"
20160320,8.2,3.3,13.8,0,"1,771"
20160321,8.6,2.3,15.6,0,"1,758"
20160322,9.3,2,16.9,0,"1,625"
20160323,8.1,4.1,13.6,0.5,"1,675"
20160324,6.4,1.2,12,0.2,"1,688"
20160325,5.8,1.4,11.1,0.2,"1,691"
20160326,5.7,0.2,12.1,0.5,"1,806"
20160327,7,0,14.1,0,"1,753"
20160328,9.3,0.7,17.5,0,"1,759"
20160329,11.9,4.8,18,0.1,"1,784"
20160330,12.7,6.4,20.3,0,"1,770"
20160331,12.4,4.8,20.7,0,"1,715"
20160401,13.2,4.3,22.8,0,"1,672"
20160402,13.9,5.7,21.5,0,"1,653"
20160403,11.7,8.9,15.2,9.5,"1,463"
20160404,11.2,7.6,15.6,1.8,"1,420"
20160405,12,5.1,19.6,0,"1,408"
20160406,12.8,5.7,21,12.2,"1,354"
20160407,12.7,9.2,18,21.9,"1,294"
20160408,13.9,8,21.7,0,"1,126"
20160409,14.9,8.2,22.2,0,"1,120"
20160410,13.6,8.2,21.3,0.4,"1,104"
20160411,10.9,6.8,16.1,0.2,"1,084"
20160412,12.5,6.2,19,0.6,"1,408"
20160413,14.2,10.9,18.2,13.1,"1,354"
20160414,14.7,9.6,21.3,0,"1,294"
20160415,13.7,6.5,21.2,0,"1,126"
20160416,14.6,7.9,20.7,29.2,"1,120"
20160417,13.1,10.1,17.2,9.5,"1,104"
20160418,13,8.3,18.9,1.2,"1,084"
20160419,12.5,7.4,19,0,"1,408"
20160420,13.9,7.3,20.3,0.7,"1,354"
20160421,13.8,10.9,17.3,28.8,"1,294"
20160422,17.1,11.2,24.6,0,"1,096"
20160423,15.2,10.9,20.7,0,"1,086"
20160424,14.3,7.2,22.1,0,"1,074"
20160425,15.9,7.3,24.9,0,"1,074"
20160426,17,8.7,25.4,1.4,"1,066"
20160427,12.4,10.8,15.5,25,"1,001"
20160428,13.6,9.6,19.2,2.4,997
20160429,14.4,8.4,20.9,0.1,988
20160430,16.5,8.8,23.8,0,987
20160501,18.1,10.4,26.1,0,987
20160502,18.9,11.8,25.9,7.8,974
20160503,15.3,11.7,19.8,26.8,970
20160504,17,11.7,22.3,0.2,970
20160505,18.2,9.3,26,0.8,967
20160506,17.9,13.9,22.5,1.7,922
20160507,17.1,11.3,23.6,0,916
20160508,17.4,9.3,24.8,0,988
20160509,18.1,13.6,23.4,0.2,987
20160510,13.9,12.2,17.2,20.1,987
20160511,15.7,11.4,21.7,0.9,974
20160512,18,11,25.1,0,970
20160513,16.6,11.9,22.5,0.1,970
20160514,17.3,10.5,23.9,0,967
20160515,18.1,11.7,24.3,12.6,922
20160516,15.4,9.9,21.7,5.9,916
20160517,17.8,8.6,26.6,0,988
20160518,20.3,11.4,29.3,0,987
20160519,20.3,12.4,28.8,0,892
20160520,19.9,11.9,28,0,891
20160521,20.1,12.3,27.9,0,857
20160522,20.2,12.4,28.1,0,850
20160523,20.6,12.5,27.8,0,842
20160524,18,15,21.3,20.3,842
20160525,19.4,13.7,25.8,0,841
20160526,20.4,15.1,25.9,0.1,880
20160527,21.5,16.8,27.5,0.1,869
20160528,20.9,16.3,27.1,0.4,876
20160529,20.2,15.7,26.5,0.6,876
20160530,21.3,14.4,28.4,0,876
20160531,21.7,15.5,28.1,0,846
20160601,20.9,15.8,26.5,0,836
20160602,20.2,13.1,27,0,841
20160603,21.6,14.3,28.3,0,838
20160604,19.4,16.3,22.9,3.9,876
20160605,21,15,27.3,0,876
20160606,19.5,16.8,22.6,0.7,876
20160607,21.2,17.9,25.9,0.3,846
20160608,21,18.1,25,1.7,841
20160609,22.2,17.4,28.3,0,829
20160610,22.8,17.7,28.8,0,815
20160611,23.6,19.3,28.6,2.1,816
20160612,23.1,20.4,26.5,2.6,814
20160613,22.5,19.2,27.7,0.1,852
20160614,22.1,18.4,27.4,0.5,855
20160615,21.5,18.7,24.9,4.8,838
20160616,22.1,19.1,25.9,1.7,838
20160617,23.2,17.5,29.5,0,829
20160618,23.7,17.9,29.8,0.8,815
20160619,23.8,19.8,29.2,1.4,816
20160620,23.2,18.5,28.4,5.7,838
20160621,23.6,20.1,28.1,0.3,838
20160622,22.8,20.6,26.4,7,860
20160623,24.2,19.9,29.4,0.1,875
20160624,21.9,19.9,25.2,30.3,900
20160625,22.7,18.8,27.3,0,"1,063"
20160626,23.2,17.5,29.3,0,"1,065"
20160627,22.1,17.6,27,1,"1,065"
20160628,22.4,17.8,27.4,0.5,"1,055"
20160629,22.8,19.2,26.7,0.9,"1,052"
20160630,24.4,20.8,29.2,1,872
20160701,24.2,22,27.6,55.2,867
20160702,23.6,21.5,27,24.6,866
20160703,22.4,20,25.3,22.3,845
20160704,22.2,20.2,24.7,53.2,865
20160705,24.8,21.5,28.6,39.5,"1,049"
20160706,23.6,21.2,27.4,27.8,"1,046"
20160707,24.2,20.9,29,1.2,872
20160708,25.4,20.8,31.2,1,949
20160709,26.1,21.2,32.1,0,998
20160710,26,21.7,31.1,0,"1,002"
20160711,25.6,22.2,30.3,2.9,"1,034"
20160712,24.6,22.4,28,8.2,"1,028"
20160713,25.6,22.1,29.9,0.1,"1,160"
20160714,25,21.4,30,2.3,"1,158"
20160715,24.5,20.7,28.7,0.8,"1,189"
20160716,21.7,20.4,23.8,27.9,"1,181"
20160717,23.3,20.7,27,0.9,"1,172"
20160718,23.7,19.7,28.7,0,"1,130"
20160719,25,20.4,30,0.1,"1,094"
20160720,25.3,21.6,29.8,0,"1,158"
20160721,25.1,21.5,29.7,0,"1,189"
20160722,25.8,21.7,30.7,0,"1,181"
20160723,26.4,22.2,31.2,1.7,"1,172"
20160724,27.3,23.6,32,4.8,"1,079"
20160725,27.3,24.5,31.6,5.8,"1,067"
20160726,28,24,32.8,0,"1,056"
20160727,28,24.5,32,0.9,948
20160728,28.3,24.8,32.7,0.8,930
20160729,27.8,24,32.1,9.7,925
20160730,28.4,25,33.3,6.7,915
20160731,28,24.4,33.5,4.1,937
20160801,27.4,23.7,32.8,2.4,"1,021"
20160802,26.4,23.6,30.9,3,"1,084"
20160803,26.7,23.1,31.8,1.6,"1,130"
20160804,27.7,23.4,33,0.2,"1,131"
20160805,28,23.3,33.6,0.2,925
20160806,28.3,23.4,34,0.6,915
20160807,28.5,24.1,34.2,1.5,937
20160808,28.2,24,34.5,4.9,"1,021"
20160809,27.7,23.9,32.6,0.6,"1,084"
20160810,28.4,23.9,34,0,"1,130"
20160811,29.3,24.1,35.4,0,"1,131"
20160812,29.5,24.4,35.6,0,925
20160813,29.5,24.6,35.3,0,915
20160814,29.1,25,34.4,1,937
20160815,28.5,25,33.8,2.6,"1,021"
20160816,27.9,24.2,33.2,4,"1,084"
20160817,27.7,23.2,33.3,0.7,"1,130"
20160818,28,23.7,33.6,0.4,"1,126"
20160819,28.2,23.8,33.6,0.4,"1,113"
20160820,28.3,24.1,34,0.1,"1,094"
20160821,27.9,23.2,33.8,0.2,"1,076"
20160822,28,23,34,1.2,"1,083"
20160823,27.3,23.6,32.2,1.8,"1,003"
20160824,27.3,22.9,33.2,0,994
20160825,27.2,21.3,33.7,2.1,"1,019"
20160826,21.9,18.3,27.2,11.3,"1,038"
20160827,22,17.1,27.1,0.6,"1,053"
20160828,19.6,17.3,23.3,22.8,"1,167"
20160829,20.5,16.3,25.4,3,"1,206"
20160830,20.7,16.9,24.7,1,"1,239"
20160831,21.8,18.5,25.3,7.8,"1,357"
20160901,24.6,19.6,30.2,2,"1,495"
20160902,21.4,19.4,24.8,28.9,"1,832"
20160903,22.9,19.7,27.1,20.5,"1,879"
20160904,24.6,21.1,29.4,2.1,995
20160905,24.6,21.7,29.1,1.3,"1,019"
20160906,23.6,20.2,27.8,0,"1,038"
20160907,23.1,19.9,27.9,1.3,"1,053"
20160908,22.7,18.6,28.2,3.2,"1,167"
20160909,22.8,18.9,28.5,1.4,"1,206"
20160910,22.4,18.7,27.6,5.1,"1,239"
20160911,22.8,19.3,27.3,1.2,"1,357"
20160912,21.7,19.1,25.9,7.8,"1,495"
20160913,22.4,17.7,28.2,0,"2,002"
20160914,22.6,18.7,27.7,0,"2,138"
20160915,22.6,18.2,28.2,0,"2,184"
20160916,22.1,19.6,25.3,5,"2,397"
20160917,20.5,18.8,22.8,85.6,"2,394"
20160918,20.3,18.3,22.8,6.5,"2,415"
20160919,20.2,17.1,24.1,0.2,"2,451"
20160920,18.8,13.9,24.4,0,"2,348"
20160921,18.4,12.7,24.1,0,"2,114"
20160922,19.4,15.8,24.6,0,"2,047"
20160923,19.7,14.4,26.1,0,"1,675"
20160924,20.4,15.4,27.1,0,"1,640"
20160925,20.7,16.1,26.6,0,"1,583"
20160926,21.7,17.9,26.5,2.2,"1,570"
20160927,22.7,20.1,26.7,5.4,"1,529"
20160928,21.3,18.8,24.7,7.6,"1,469"
20160929,19.1,17,21.7,1.3,"1,451"
20160930,17.8,15.9,19.9,13,"1,583"
20161001,19.1,16.3,22.3,2.4,"1,570"
20161002,20.8,17.8,24.4,6.1,"1,529"
20161003,22.6,18.9,26.9,9.6,"1,469"
20161004,21.4,16.8,27.2,0.6,"1,451"
20161005,19.5,16.7,24.2,51.1,"1,583"
20161006,18.6,14.4,24.3,0,"1,570"
20161007,18.4,14.8,22.8,9.3,"1,529"
20161008,17.4,14,21.5,23.6,"1,469"
20161009,12.8,8.8,17.8,0,"1,451"
20161010,13.3,8.4,19.1,0,"1,583"
20161011,14.5,10.2,20.6,0,"1,443"
20161012,15.1,10.8,21.2,0,"1,432"
20161013,14.5,10.6,20.2,0,"1,435"
20161014,15.2,9.2,23.1,0,"1,465"
20161015,16.7,10.6,24.3,0,"1,473"
20161016,16,13.9,18.5,18.5,"1,483"
20161017,17.7,14,23.2,0.3,"1,505"
20161018,16.3,12,22.4,0,"1,571"
20161019,16.8,12.6,23.3,0,"1,623"
20161020,16.8,11.7,22.7,0.1,"1,782"
20161021,16.6,14.9,18.8,0.4,"1,831"
20161022,16.8,13.6,21,0.4,"1,830"
20161023,14.4,11.4,17.6,2.3,"1,832"
20161024,14.2,9.5,19.4,0,"1,819"
20161025,14.6,11.3,19.1,13.7,"1,759"
20161026,13.8,10,18.3,0,"1,679"
20161027,14.5,9.1,19.2,0,"1,649"
20161028,14.1,12.1,16.5,5.6,"1,363"
20161029,10.6,7.1,14,0.7,"1,353"
20161030,8.1,2.9,15.1,0,"1,363"
20161031,8.3,4.4,11.6,0.3,"1,759"
20161101,4.6,0.4,9.7,0,"1,679"
20161102,5.3,-1.2,11.8,0.1,"1,649"
20161103,8.1,2.9,14.7,0.1,"1,363"
20161104,10.2,3.5,17.4,0,"1,353"
20161105,13.2,7.6,19.8,0.2,"1,363"
20161106,12.6,8.9,16.5,1.6,"1,759"
20161107,13.1,9.4,17.8,1.5,"1,679"
20161108,8.2,3.1,12.7,1.7,"1,351"
20161109,4.3,-0.7,10.5,0,"1,353"
20161110,7.3,2.8,12,3.1,"1,437"
20161111,9.3,4.5,15.2,0.9,"1,474"
20161112,10,2.9,18.2,0,"1,545"
20161113,12.6,6.9,18.3,3,"1,567"
20161114,14.3,10.2,18.7,2.3,"1,586"
20161115,9.5,3.4,15.2,0,"1,761"
20161116,6.6,0.3,14.3,0,"1,733"
20161117,8.7,3.3,16.1,0,"1,710"
20161118,10,3.6,15.6,12.8,"1,695"
20161119,13.4,10.6,16.7,1.2,"1,687"
20161120,12.2,7.3,17.6,0,"1,502"
20161121,10.3,6.1,14.2,0.1,"1,495"
20161122,6.3,2.5,10.9,0.9,"1,465"
20161123,3.1,-0.5,7.6,0.1,"1,454"
20161124,0.7,-3,5.5,0,"1,687"
20161125,1.9,-2.8,8.1,0,"1,502"
20161126,1.2,-2.6,4.3,2.4,"1,495"
20161127,4.1,1,8.5,0.1,"1,439"
20161128,3.8,-0.2,8.4,0,"1,383"
20161129,3.1,-2.3,10,0.2,"1,361"
20161130,6.2,1.2,10.7,2.5,"1,361"
20161201,6.5,0.8,10.8,0.1,"1,361"
20161202,3,-2.6,10,0,"1,366"
20161203,4,-2.6,12.1,0,"1,394"
20161204,5.3,1.1,10.2,0,"1,411"
20161205,7.9,2.5,13.8,0.1,"1,421"
20161206,1.8,-2.9,6.7,0,"1,424"
20161207,1.6,-4.2,7.6,0.1,"1,444"
20161208,3.6,-2.5,9.7,1.3,"1,442"
20161209,4.6,-0.5,8.9,1.3,"1,443"
20161210,0.8,-3.9,7.1,0,"1,444"
20161211,0.1,-5.7,7.8,0,"1,447"
20161212,3.9,-2.8,10.1,0.2,"1,456"
20161213,5.4,1.4,9.9,0.3,"1,458"
20161214,1.6,-1,4.7,2.5,"1,379"
20161215,-0.8,-4.2,2.7,0.1,"1,377"
20161216,-1.8,-6.9,2.9,0,"1,377"
20161217,3.4,-2.2,10.1,0,"1,377"
20161218,4.4,-1.1,10.6,0.1,"1,377"
20161219,7.2,3.4,10.5,4.9,"1,459"
20161220,7.3,3.3,13,0,"1,377"
20161221,8.7,3,13.7,24.2,"1,377"
20161222,8.4,4.4,15.3,14.4,"1,377"
20161223,1.7,-0.3,4.6,0.6,"1,459"
20161224,0.5,-2.3,4,0,"1,377"
20161225,2.9,-2.9,9,0.1,"1,377"
20161226,4.6,2.9,6.2,10.3,"1,377"
20161227,1.2,-3.2,4.5,2.1,"1,500"
20161228,-1.4,-6.5,4.8,0,"1,512"
20161229,-1.3,-4.5,2.1,0.2,"1,523"
20161230,-1.4,-7,4.6,0,"1,613"
20161231,1.7,-2.9,7.1,0,"1,627"
20170101,3.2,-1.5,9.6,0,"1,500"
20170102,5.5,0.4,11.3,0,"1,512"
20170103,3.6,-0.9,9.8,0,"1,523"
20170104,3.8,-1.3,10.6,0,"1,613"
20170105,4.3,-0.7,8.5,2,"1,627"
20170106,5.2,0.8,10.5,0.1,"1,500"
20170107,4,-1.4,9.5,0.1,"1,652"
20170108,7.2,3.9,11.9,1.6,"1,660"
20170109,4.4,-0.5,8.1,0.1,"1,656"
20170110,0.4,-2.9,4.7,0,"1,698"
20170111,-1.7,-6.2,2.8,0,"1,690"
20170112,0.7,-3.7,5.6,0.2,"1,710"
20170113,-2.2,-5.9,2.8,0.3,"1,741"
20170114,-5,-7.8,-1.8,0,"1,761"
20170115,-4.8,-10.6,1.6,0,"1,865"
20170116,-3,-8.8,4.4,0,"1,903"
20170117,-1.7,-7.8,5.8,0,"1,954"
20170118,0.5,-4.5,5.9,0,"1,978"
20170119,0.1,-5,6.8,0,"1,761"
20170120,-1.7,-5.4,1.4,3.3,"1,865"
20170121,-2.6,-8.1,2,0.6,"1,903"
20170122,-3.7,-6.9,0.1,0.6,"1,954"
20170123,-5.9,-9.9,-1.1,0.1,"1,978"
20170124,-4.7,-10.1,1.5,0,"1,761"
20170125,-3.7,-9.7,3.3,0,"1,865"
20170126,-0.9,-9.1,6.8,0.1,"1,986"
20170127,1.5,-3.7,6.6,1.2,"2,092"
20170128,0.5,-7.3,8.3,0,"2,094"
20170129,3.3,0.9,5.7,3.9,"2,106"
20170130,-1,-5.5,3.2,1.1,"2,090"
20170131,-2.9,-8.7,3.7,0,"2,077"
20170201,-1.2,-5.4,4.2,0,"2,068"
20170202,-0.9,-7.5,6.1,0,"2,064"
20170203,1.8,-3.8,8.6,0,"2,016"
20170204,4.1,-2.3,9.9,0.8,"1,753"
20170205,4.2,1.8,7.5,1.1,"1,657"
20170206,0.8,-2.6,4.7,0,"1,648"
20170207,0.1,-4.7,6.3,0,"1,658"
20170208,0.8,-3.6,5.3,0,"1,656"
20170209,-2.1,-5,1.2,0.1,"2,032"
20170210,-4.1,-6.8,-0.5,0.6,"2,080"
20170211,-2.8,-7.5,1.8,0.1,"1,753"
20170212,-0.7,-6.1,5.4,0,"1,657"
20170213,1,-5.9,7.3,0.3,"1,648"
20170214,1.5,-3.4,7.6,0,"1,658"
20170215,2.4,-5.3,11,0,"1,656"
20170216,7.1,-2.8,14.5,1.4,"1,571"
20170217,5.6,-1,12,1.7,"1,575"
20170218,0,-4.6,5.1,0,"1,582"
20170219,3.4,-5,10,2,"1,571"
20170220,2.9,-3,9.6,5.4,"1,566"
20170221,0.8,-6.2,7.9,0,"1,484"
20170222,3.6,0.3,5.9,16.1,"1,464"
20170223,1.4,-2,5,0,"1,486"
20170224,0.6,-4.7,6.1,0,"1,480"
20170225,3.1,-2.6,9.2,0,"1,480"
20170226,3.4,-2,10,0,"1,506"
20170227,3.6,-2.5,11.1,0.1,"1,491"
20170228,4.8,-2.5,13,0,"1,492"
20170301,6.2,0.7,12.7,2.1,"1,489"
20170302,3.2,-0.7,6.9,2,"1,490"
20170303,3.9,-3.2,11.7,0,"1,506"
20170304,5.6,-1,13.7,0,"1,491"
20170305,6.2,-0.3,13.8,0.2,"1,492"
20170306,2.9,-1.1,7,0.3,"1,489"
20170307,0.1,-3.2,4.4,0.5,"1,490"
20170308,1.4,-3.8,6.3,0,"1,506"
20170309,5,-1.6,11.3,0,"1,491"
20170310,5.4,-1.3,12.7,0,"1,494"
20170311,6.5,-2.2,15.8,0,"1,503"
20170312,8.5,0.2,16.4,0,"1,494"
20170313,7.9,2.7,13.7,0,"1,489"
20170314,5.5,0.6,11.4,0.6,"1,434"
20170315,4.8,-1.8,12.2,0,"1,422"
20170316,5.6,-1.4,13.1,0,"1,433"
20170317,6.9,-1.2,15.5,0,"1,401"
20170318,8.4,2.3,16.8,0,"1,397"
20170319,9.1,0.7,17.9,0,"1,315"
20170320,8.3,2.1,13.6,2.8,"1,301"
20170321,7.1,2.4,12.5,1.5,"1,300"
20170322,6.9,-0.6,14,0,"1,281"
20170323,8.7,3.8,15.1,0.1,"1,397"
20170324,7.8,2.3,13.3,0,"1,315"
20170325,6.4,4,9.7,6,"1,270"
20170326,6.2,2.8,10.8,1.2,"1,162"
20170327,6,2.4,10.8,1.3,"1,145"
20170328,7.3,0.7,13.6,0.7,"1,148"
20170329,8.5,4,14,1.1,"1,140"
20170330,10.5,2.8,18.4,0,"1,127"
20170331,8.7,6.2,12.1,3.8,"1,084"
20170401,7.5,4.1,12.3,3.4,"1,090"
20170402,8.2,1.7,15.1,0,"1,076"
20170403,11.5,2.9,20.2,0,"1,070"
20170404,13.4,4.1,21.9,0,"1,068"
20170405,13.3,10.2,16.2,17.7,"1,098"
20170406,13.6,10.5,17.1,9.8,"1,090"
20170407,14.2,8.5,21.9,0,"1,076"
20170408,14.9,8.1,23.1,0,"1,070"
20170409,13.4,9.2,18.2,0.6,"1,088"
20170410,13.4,8.3,19.5,0.1,"1,080"
20170411,12.2,8.4,18.2,10.8,"1,071"
20170412,12.3,7.2,17.7,0,"1,056"
20170413,13.1,4.6,20.3,0,987
20170414,14.7,8.5,20.5,0.9,985
20170415,17.6,11.3,24.8,0.1,984
20170416,17.8,10.3,26.6,0,968
20170417,13.6,10.8,17.2,15.3,965
20170418,13.3,8.6,20.1,3.1,898
20170419,13.3,7.4,19.4,0,895
20170420,12.4,8.9,17.6,0.9,887
20170421,13,7.1,19.9,0,880
20170422,13,7,20,0.1,968
20170423,14,6,21.8,0,965
20170424,15,6.4,22.5,0,898
20170425,16.9,11,22.4,0.8,895
20170426,14.9,10.1,20.1,1.2,887
20170427,13,6.4,19.3,0,880
20170428,15.1,6.2,23.3,0,968
20170429,17.1,8.2,25,0,965
20170430,19.8,11.9,27.7,0,898
20170501,17.8,11.3,25.4,0,895
20170502,16.9,9.4,24.7,0,887
20170503,18.3,9.5,27.2,0,880
20170504,19.1,11.3,26.4,0.3,968
20170505,19.8,15.6,25.1,3.7,881
20170506,16.7,11.1,22.6,0,931
20170507,17.3,9.2,24.7,0,932
20170508,18.2,10.3,24.9,0,919
20170509,14.9,12.9,19.1,11.2,820
20170510,15.5,12.6,19.7,1.1,782
20170511,18.9,12.3,25.8,0.3,768
20170512,18,14.4,21.8,1.7,754
20170513,17.5,12.3,24.5,2.9,743
20170514,16.7,11.3,22.7,0,750
20170515,16,10.2,21.7,0,768
20170516,16.5,11.1,22.2,0,772
20170517,17.4,11,24.7,0.7,782
20170518,19.7,11.5,27.4,0,768
20170519,21.5,13.5,29.5,0,754
20170520,21,13.8,28.4,0,743
20170521,20.7,13.8,27.9,0,750
20170522,20.2,13.1,27.3,0,768
20170523,19.6,13.7,25.5,1.4,772
20170524,19.8,16,25.4,3.6,804
20170525,19.6,13.2,27.8,0,829
20170526,16.1,10.9,21.7,0,888
20170527,17.5,9.8,25.1,0,888
20170528,20.6,11.8,28.3,0,888
20170529,23.4,16.6,30.6,0,876
20170530,23.1,16.2,30.4,0,871
20170531,21.6,16.5,27.9,2.5,871
20170601,21,16.2,27.3,2.6,873
20170602,19,12.3,25.6,0.1,871
20170603,19.3,14.2,25.3,0.2,862
20170604,19.5,11.5,27,0.2,860
20170605,20.3,13,27.6,0,854
20170606,17.8,14.5,21.7,10.7,871
20170607,18.4,15.9,21.2,5.5,862
20170608,20.5,15.9,26.4,0,860
20170609,22,15.5,28.6,0.4,854
20170610,21.2,16.6,26.6,0.4,871
20170611,20.4,14.2,27.1,0.9,862
20170612,19.5,14.7,24.8,0,860
20170613,19.2,14.7,25.4,2.1,854
20170614,20.7,14.4,27.2,0,875
20170615,22.6,16,29.8,0,868
20170616,22.2,16.4,28.7,0,925
20170617,22.4,16.3,29.3,0,937
20170618,23.4,16.3,31.2,0,944
20170619,24.2,17.1,31.7,0,969
20170620,23.2,18.1,28.7,2.1,970
20170621,23.4,18.7,29.1,0.3,"1,016"
20170622,23.9,18.2,30.3,0,"1,017"
20170623,24.7,18.6,31.5,0,"1,026"
20170624,23.2,19.3,29,2.5,"1,014"
20170625,22.7,19.1,28.2,10.4,991
20170626,22.2,19.6,26.8,12.4,975
20170627,23.1,19.7,28.1,3,968
20170628,24.2,19.8,29.9,1.5,991
20170629,23.9,20.4,28.6,5.2,975
20170630,25.3,20.8,30.4,0.3,968
20170701,25.3,22.6,29,4,991
20170702,25.6,23.3,28.8,23.3,975
20170703,25.6,23.5,29.1,29.4,968
20170704,25.4,22.9,29.8,20.7,944
20170705,26,22.5,31.2,1.7,872
20170706,25.4,22,30.5,15,864
20170707,26,22.9,29.1,4.4,876
20170708,25.6,23.4,28.6,24.4,896
20170709,27,23.4,32,9.6,908
20170710,26.1,24.1,28.5,26.7,"1,066"
20170711,26.5,23.2,30.7,4.8,"1,069"
20170712,27.2,23.1,32.6,0,"1,089"
20170713,27.1,22.2,33,0,"1,113"
20170714,26.8,22.9,33.2,9.8,"1,151"
20170715,25.5,23.1,28.4,20.7,"1,280"
20170716,26.7,23.7,30.4,25.1,"1,351"
20170717,26.4,23.4,30.6,6.2,"1,468"
20170718,26,23.1,30,3.4,"1,510"
20170719,27.4,23.5,32.8,0,"1,520"
20170720,28.4,23.8,33.6,0,"1,280"
20170721,29.4,25.5,34.1,0.7,"1,351"
20170722,27.8,24.8,32.2,4.6,"1,468"
20170723,26.8,24.4,29.5,13.2,"1,510"
20170724,27.1,24.9,31.2,10,"1,520"
20170725,26.8,23.9,31,10.7,"1,280"
20170726,26,21.7,30.8,0,"1,351"
20170727,25.5,20.4,31.1,0.3,"1,668"
20170728,26,22.2,30.2,11.3,"1,668"
20170729,25.4,23.4,28.5,7.4,"1,641"
20170730,26.1,23,30.6,0.8,"1,621"
20170731,24.8,23.1,27,19.9,"1,621"
20170801,26.6,22.9,31.9,2.2,"1,505"
20170802,27.2,23.8,32,0.4,"1,557"
20170803,27.2,23.1,31.9,0,"1,588"
20170804,28.5,23.5,33.9,0,"1,635"
20170805,29.6,24.7,35.1,0.6,"1,682"
20170806,29.4,25.1,34.8,1.7,"2,049"
20170807,28.5,24.8,33.8,1.6,"2,049"
20170808,27.4,23.5,32.3,0.4,"2,085"
20170809,25.6,23.5,28.4,11.6,"2,028"
20170810,25.6,23.4,29.1,15.7,"2,021"
20170811,25.8,22.3,31.2,8.8,"1,805"
20170812,25.6,21.8,30.3,0.8,"1,798"
20170813,24.1,21.4,26.8,3.1,"2,085"
20170814,22.9,21.4,25.1,42.9,"2,028"
20170815,23.2,21.6,25.2,29.1,"2,021"
20170816,24.6,22,28.3,6.4,"1,791"
20170817,24.5,21.8,28.7,5.3,"1,784"
20170818,25,21.7,29.9,6,"1,793"
20170819,24.9,21.9,29.1,8.1,"1,744"
20170820,24.7,22.7,27.8,24.6,"1,630"
20170821,25.4,23,29.4,26,"1,657"
20170822,26.7,23.4,31.6,8.2,"1,775"
20170823,27.8,24.4,32,10.6,"1,758"
20170824,28,24.7,31.6,14.4,"1,781"
20170825,25.9,21.2,31.3,3,"1,868"
20170826,23.2,17.9,29.6,0,"1,976"
20170827,22.4,16.6,28.6,0,"2,077"
20170828,23.7,18.3,28.8,8.4,"2,163"
20170829,22.3,18.2,26.9,1.1,"2,274"
20170830,19.7,16.6,24,0,"2,637"
20170831,21.1,15.5,27.3,0,"2,868"
20170901,21.3,16,27.6,0,"1,1084"
20170902,20.7,15.3,26.5,0,"1,1192"
20170903,21.3,15.3,27.8,0,"2,077"
20170904,21.9,17,27.7,0,"2,163"
20170905,20.7,18.1,23.4,1.6,"2,274"
20170906,20.9,18.5,23.9,15.4,"2,637"
20170907,21.4,17.8,26.9,1.2,"2,868"
20170908,22.4,17.7,28.8,0,"1,1300"
20170909,22.2,17.4,28.8,0,"1,1408"
20170910,22.4,18,27.4,0.2,"2,929"
20170911,20.6,18.2,23.6,46.6,"2,831"
20170912,21.8,17.1,27.8,0,"2,709"
20170913,20.1,14.4,27.2,0,"2,718"
20170914,20.3,13.6,27.2,0,"2,499"
20170915,20.6,16.5,25.3,0,"2,445"
20170916,20.5,16.1,24.8,0.1,"2,322"
20170917,21.1,17,26.1,1.8,"2,293"
20170918,20.7,15.2,27.2,0,"1,704"
20170919,21.9,16.5,27.3,3.5,"1,691"
20170920,19.7,14,24.5,0.4,"1,639"
20170921,18.2,11.8,25.7,0,"1,609"
20170922,19.3,14,26.5,0,"1,600"
20170923,19.9,14.9,26.3,0,"1,641"
20170924,21.1,16,27.6,0,"1,704"
20170925,21.8,16.9,28.5,0,"1,691"
20170926,22.3,16.9,28.3,0,"1,639"
20170927,19.4,17.3,22.6,21,"1,609"
20170928,19.7,15,25.1,0.2,"1,600"
20170929,15.8,10.3,21.8,0,"1,641"
20170930,17.3,9.9,25.9,0,"1,704"
20171001,16.6,12.9,20.3,21.2,"1,691"
20171002,19.9,16.5,24.6,15,"1,639"
20171003,18.1,14.9,23.1,0.6,"1,609"
20171004,17.1,13,22.3,0.1,"1,600"
20171005,16.8,13,21,1.1,"1,630"
20171006,16.5,13.9,19,8.4,"1,607"
20171007,19.4,15.9,24.6,0.1,"1,598"
20171008,20.4,16.3,26.5,0,"1,577"
20171009,20.9,16.4,27.1,0,"1,547"
20171010,20.9,16.8,26.6,1.5,"1,490"
20171011,17.7,14.6,21.8,6.3,"1,412"
20171012,13.1,10.6,15.5,9.3,"1,330"
20171013,13,7.7,19.2,0,"1,030"
20171014,14.1,8.9,20.3,0,"1,011"
20171015,14.7,10,19.4,0.8,"1,010"
20171016,15.5,12.1,20.2,0,"1,028"
20171017,15.1,9.7,21.6,0,"1,490"
20171018,15.6,13,18.7,0.3,"1,412"
20171019,15.3,11.3,20.5,0.5,"1,330"
20171020,15.2,10.1,22.4,0,"1,030"
20171021,15.1,9.4,22.6,0,"1,011"
20171022,15.5,9.4,21.7,0.1,"1,010"
20171023,12.9,8,18.6,0,"1,028"
20171024,11.7,7.3,18.5,0.1,"1,030"
20171025,11.7,6,19.8,0,"1,104"
20171026,12.7,6.9,19.5,0,"1,121"
20171027,14.4,9.6,21.5,0,"1,136"
20171028,15.3,9.2,22.1,0,"1,136"
20171029,12.8,7.6,19.4,1.9,"1,140"
20171030,7.9,2.9,14.1,0,"1,153"
20171031,8.8,1,17.5,0,"1,143"
20171101,12.2,6,18.5,0,"1,146"
20171102,13.4,9,19.3,0.1,"1,154"
20171103,12.1,7.1,18.4,1.3,"1,154"
20171104,8.1,3.6,13.8,1.3,"1,049"
20171105,7.6,1.4,15.7,0,"1,035"
20171106,9.6,2.6,18,0,"1,040"
20171107,13.5,6.4,19.8,0.1,"1,154"
20171108,14.1,7.5,19.6,0,"1,049"
20171109,9.2,2.8,17.6,0,"1,035"
20171110,11.5,4.3,19.4,2,"1,040"
20171111,6.7,1.7,12.1,0,"1,041"
20171112,5.6,-0.6,13.6,0,"1,047"
20171113,8.2,1.2,14.4,0.4,"1,040"
20171114,9.2,4.1,14.4,0,"1,040"
20171115,5.5,1.2,10.3,0,"1,043"
20171116,3.1,-1.6,9.3,0,"1,050"
20171117,5.1,-2,10.4,0.2,"1,042"
20171118,2,-2.1,7.6,0,"1,021"
20171119,0.8,-4.1,5.5,0,"1,011"
20171120,3.1,-1.5,8.3,0,"1,019"
20171121,2.9,-2.7,10.2,0,"1,023"
20171122,5.3,0.1,10.7,0.5,"1,018"
20171123,2.3,-2,6.7,0.6,"1,011"
20171124,1.9,-2.1,6.5,1.3,"1,019"
20171125,4,-3.4,10.4,3.3,"1,023"
20171126,6.3,0.8,12.4,1.3,978
20171127,3.9,-1.8,11.6,0,978
20171128,7.3,0.7,14.4,0,983
20171129,7.5,3.1,12.2,0,980
20171130,2.1,-1.9,6.6,0,977
20171201,-0.6,-5.2,4.8,0,984
20171202,1.3,-4.9,8.1,0,"1,010"
20171203,4.4,-1.7,11,0.5,"1,011"
20171204,2.2,-2.6,6.9,0.2,"1,019"
20171205,-2.3,-6,1.9,0.2,"1,014"
20171206,0.6,-5.2,6.7,0.9,"1,023"
20171207,2.6,-1.9,7.6,0.9,"1,034"
20171208,-1.3,-4.3,2.4,0.2,"1,010"
20171209,0.7,-4.5,6.2,0,"1,011"
20171210,3.5,-1.1,8.9,2.2,"1,019"
20171211,-3,-6.7,1.7,0.2,"1,014"
20171212,-6,-9.7,-1.7,0,"1,023"
20171213,-5.2,-9.6,0.4,0,"1,034"
20171214,-4,-10.5,2.8,0,"1,034"
20171215,-0.8,-7.2,4.7,0,"1,034"
20171216,-1.7,-5.6,2.1,0.2,"1,229"
20171217,-4.4,-9,0.3,0.1,"1,285"
20171218,-0.2,-7.3,5.7,0.3,"1,386"
20171219,-1.3,-5.9,3.4,0.1,"1,479"
20171220,-1.5,-7.8,4.7,0.7,"1,553"
20171221,-0.1,-4.8,5.8,0,"1,678"
20171222,1.7,-4.3,8.5,0,"1,229"
20171223,3.9,-1.1,11,0,"1,285"
20171224,4.3,1.3,8.1,14.2,"1,386"
20171225,0.2,-2.7,3.5,0,"1,479"
20171226,-0.6,-4.9,4.1,0.1,"1,553"
20171227,-3.9,-8,0.7,0,"1,688"
20171228,-1.5,-6.9,3.7,0,"1,687"
20171229,2.9,-2.1,8,0,"1,695"
20171230,2.9,-1.6,7.1,0.6,"1,609"
20171231,2.1,-2,5.8,0.4,"1,609"
